TestID#,KitID,InputGp,Input[C],OutputRt,Exp. Result,ChRt-1,VolDiff-1,StepWidth-1,AvgRate-1,Threshold-1,ChRt-2,VolDiff-2,StepWidth-2,AvgRate-2,Threshold-2,ChRt-3,VolDiff-3,StepWidth-3,AvgRate-3,Threshold-3,ChRt-4,VolDiff-4,StepWidth-4,AvgRate-4,Threshold-4,ChRt-5,VolDiff-5,StepWidth-5,AvgRate-5,Threshold-5
2021-04-21_NABITA003.6_1,COVID-19 v.1,Negative,0,Negative,Yes,True,116.6,71.0,1.6,40,False,16.2,0.0,0.0,40,False,25.6,0.0,0.0,40,False,34.1,0.0,0.0,60,False,33.0,0.0,0.0,60
2021-04-21_NABITA003.6_2,COVID-19 v.1,Gene N,"24,000",Positive,Yes,True,130.1,109.0,1.2,40,True,49.6,50.0,1.0,40,True,87.1,67.0,1.3,40,False,11.5,0.0,0.0,60,False,32.5,0.0,0.0,60
2021-04-21_NABITA004.6_1,COVID-19 v.1,Negative,0,Negative,Yes,True,205.0,138.0,1.5,40,False,15.0,0.0,0.0,40,False,9.5,0.0,0.0,40,False,29.0,0.0,0.0,60,False,24.4,0.0,0.0,60
2021-04-21_NABITA004.6_2,COVID-19 v.1,Gene N,"24,000",Positive,Yes,True,119.3,90.0,1.3,40,True,75.0,56.0,1.3,40,True,62.3,66.0,0.9,40,False,16.2,0.0,0.0,60,False,21.8,0.0,0.0,60
2021-04-22_NABITA003.7_1,COVID-19 v.1,Negative,0,Negative,No,True,181.1,89.0,2.0,40,False,17.7,0.0,0.0,40,False,25.5,0.0,0.0,40,False,53.2,0.0,0.0,60,False,24.3,0.0,0.0,60
2021-04-22_NABITA003.7_2,COVID-19 v.1,Positive,"24,000",Positive,Yes,True,117.3,90.0,1.3,40,True,106.9,79.0,1.4,40,True,171.8,100.0,1.7,40,True,171.5,86.0,2.0,60,True,340.7,94.0,3.6,60
2021-04-22_NABITA003.7_4,COVID-19 v.1,Negative,0,Negative,Yes,True,102.4,61.0,1.7,40,False,17.9,0.0,0.0,40,False,11.5,0.0,0.0,40,False,16.2,0.0,0.0,60,False,16.0,0.0,0.0,60
2021-04-22_NABITA004.7_1,COVID-19 v.1,Negative,0,Negative,Yes,True,135.0,99.0,1.4,40,False,14.2,0.0,0.0,40,False,6.9,0.0,0.0,40,False,20.1,0.0,0.0,60,False,27.8,0.0,0.0,60
2021-04-22_NABITA004.7_2,COVID-19 v.1,Positive,"24,000",Positive,Yes,True,152.0,129.0,1.2,40,True,64.2,56.0,1.1,40,True,51.4,51.0,1.0,40,True,112.5,80.0,1.4,60,True,196.6,97.0,2.0,60
2021-04-23_NABITA003.7_1,COVID-19 v.1,Gene N,"24,000",Positive,Yes,True,115.9,76.0,1.5,40,True,88.1,54.0,1.6,40,True,92.9,55.0,1.7,40,False,34.8,0.0,0.0,60,False,23.7,0.0,0.0,60
2021-04-23_NABITA003.7_2,NBSC20136,Negative,0,Invalid,Invalid,False,5.5,0.0,0.0,40,False,2.5,0.0,0.0,40,False,4.6,0.0,0.0,40,False,7.3,0.0,0.0,60,False,9.0,0.0,0.0,60
2021-04-23_NABITA003.7_3,NBSC20129,Positive,"24,000",Invalid,Yes,False,49.9,0.0,0.0,40,False,32.5,0.0,0.0,40,True,111.9,92.0,1.2,40,True,112.0,92.0,1.2,60,True,150.5,107.0,1.4,60
2021-04-23_NABITA003.7_4,NBSC20133,Negative,0,Invalid,Yes,False,40.1,0.0,0.0,40,False,8.1,0.0,0.0,40,False,22.5,0.0,0.0,40,False,26.8,0.0,0.0,60,False,15.1,0.0,0.0,60
2021-04-24_NABITA002.15_1,NBSC20034,Negative,0,Negative,No,True,93.6,103.0,0.9,40,False,16.4,0.0,0.0,40,False,30.0,0.0,0.0,40,False,1.0,0.0,0.0,60,False,43.0,32.0,1.3,60
2021-04-24_NABITA002.15_2,NBSC20073,Positive,"24,000",Positive,Yes,True,196.8,124.0,1.6,40,True,87.4,52.0,1.7,40,True,192.0,120.0,1.6,40,True,132.9,84.0,1.6,60,True,202.8,122.0,1.7,60
2021-04-24_NABITA003.7_1,NBSC20048,Negative,0,Negative,Yes,True,56.8,54.0,1.1,40,False,4.9,0.0,0.0,40,False,2.8,0.0,0.0,40,False,8.0,0.0,0.0,60,False,2.5,0.0,0.0,60
2021-04-24_NABITA003.7_2,NBSC20014,Positive,"24,000",Positive,Yes,True,44.8,47.0,1.0,40,True,52.4,59.0,0.9,40,True,81.6,66.0,1.2,40,True,119.2,74.0,1.6,60,True,187.6,94.0,2.0,60
2021-04-24_NABITA003.7_3,NBSC20132,Positive,"100,000",Positive,Yes,True,153.3,91.0,1.7,40,True,90.9,105.0,0.9,40,True,94.8,61.0,1.6,40,True,103.2,62.0,1.7,60,True,132.7,81.0,1.6,60
2021-04-27_NABITA002.18_1,COVID-19 v.1,Positive,"24,000",Positive,Yes,True,95.1,90.0,1.1,40,True,109.0,63.0,1.7,40,True,137.9,47.0,2.9,40,True,264.1,92.0,2.9,60,True,121.8,52.0,2.3,60
2021-04-27_NABITA002.18_2,COVID-19 v.1,Positive,"24,000",Positive,Yes,True,142.5,91.0,1.6,40,True,94.7,98.0,1.0,40,True,160.7,68.0,2.4,40,True,311.7,102.0,3.1,60,True,220.4,65.0,3.4,60
2021-04-28_NABITA002.19_1,COVID-19 v.1,Negative,0,Negative,Yes,True,180.8,138.0,1.3,40,False,18.1,0.0,0.0,40,False,28.7,0.0,0.0,40,False,34.6,39.0,0.9,60,False,22.8,0.0,0.0,60
2021-04-28_NABITA002.19_2,COVID-19 v.1,Negative,0,Positive,No,True,145.4,90.0,1.6,40,False,14.7,0.0,0.0,40,False,8.8,0.0,0.0,40,True,172.1,52.0,3.3,60,False,12.6,0.0,0.0,60
2021-04-28_NABITA002.20_3,COVID-19 v.1,Negative,0,Negative,Yes,True,75.1,54.0,1.4,40,False,8.8,0.0,0.0,40,False,15.5,0.0,0.0,40,False,20.5,0.0,0.0,60,False,30.0,0.0,0.0,60
2021-04-28_NABITA002.20_4,COVID-19 v.1,Gene N,"24,000",Positive,Yes,True,133.7,118.0,1.1,40,False,13.9,0.0,0.0,40,True,184.8,93.0,2.0,40,False,29.2,0.0,0.0,60,False,23.3,0.0,0.0,60
2021-05-12_NABITA001.16_1,NBSC20065,Negative,0,Negative,Yes,True,97.5,80.0,1.2,40,False,8.9,0.0,0.0,40,False,6.3,0.0,0.0,40,False,15.1,0.0,0.0,60,False,12.4,0.0,0.0,60
2021-05-12_NABITA001.16_2,NBSC20053,Negative,0,Negative,Yes,True,250.9,139.0,1.8,40,False,18.8,0.0,0.0,40,False,7.6,0.0,0.0,40,False,8.3,0.0,0.0,60,False,14.4,0.0,0.0,60
2021-05-12_NABITA001.16_3,NBSC20039,Negative,0,Negative,Yes,True,142.9,93.0,1.5,40,False,15.8,0.0,0.0,40,False,10.8,0.0,0.0,40,False,9.1,0.0,0.0,60,False,15.8,0.0,0.0,60
2021-05-13_NABITA001.16_1,NBSC20068,Positive,"7,650",Positive,NA,True,91.5,68.0,1.3,40,True,91.2,60.0,1.5,40,False,13.0,0.0,0.0,40,False,8.3,0.0,0.0,60,False,21.6,0.0,0.0,60
2021-05-13_NABITA001.16_2,NBSC20055,Positive,"7,650",Negative,NA,True,77.6,64.0,1.2,40,False,6.2,0.0,0.0,40,False,15.5,0.0,0.0,40,False,4.6,0.0,0.0,60,False,16.5,0.0,0.0,60
2021-05-13_NABITA001.16_3,NBSC20040,Negative,0,Negative,Yes,True,100.6,73.0,1.4,40,False,17.4,0.0,0.0,40,False,8.5,0.0,0.0,40,False,5.7,0.0,0.0,60,False,17.4,0.0,0.0,60
2021-05-20_NABITA001.16_1,NBSC20037,Positive,"7,650",Positive,Yes,True,103.2,96.0,1.1,40,True,70.6,52.0,1.4,40,True,48.6,53.0,0.9,40,False,16.0,0.0,0.0,60,False,12.8,0.0,0.0,60
2021-05-20_NABITA002.24_1,NBSC20038,Positive,"7,650",Positive,Yes,True,208.1,139.0,1.5,40,True,93.9,73.0,1.3,40,False,19.0,0.0,0.0,40,False,16.3,0.0,0.0,60,False,18.9,0.0,0.0,60
2021-05-20_NABITA003.11_1,NBSC20069,Positive,"7,650",Invalid,Fail,False,17.6,0.0,0.0,40,False,9.7,0.0,0.0,40,False,13.9,0.0,0.0,40,False,36.7,0.0,0.0,60,False,45.4,0.0,0.0,60
2021-05-20_NABITA004.11_1,NBSC20067,Positive,"7,650",Positive,Yes,True,156.7,99.0,1.6,40,True,80.6,69.0,1.2,40,True,73.3,64.0,1.1,40,False,34.3,0.0,0.0,60,True,122.2,64.0,1.9,60
2021-05-25_NABITA003.11_1,NBSC20003,Positive,"7,650",Positive,Yes,True,132.9,106.0,1.3,40,False,40.9,0.0,0.0,40,True,62.9,55.0,1.1,40,False,26.5,0.0,0.0,60,True,154.6,82.0,1.9,60
2021-05-25_NABITA003.11_2,NBSC20015,Negative,0,Positive,NA,True,75.6,85.0,0.9,40,True,61.2,66.0,0.9,40,False,15.1,0.0,0.0,40,False,18.6,0.0,0.0,60,False,13.9,0.0,0.0,60
2021-05-25_NABITA003.11_3,NBSC20023,Negative,0,Invalid,NA,False,31.2,0.0,0.0,40,False,27.7,0.0,0.0,40,False,30.0,35.0,0.9,40,False,49.1,39.0,1.3,60,False,51.5,48.0,1.1,60
2021-05-25_NABITA003.11_4,NBSC20024,Negative,0,Invalid,NA,False,29.8,0.0,0.0,40,False,4.8,0.0,0.0,40,False,11.1,0.0,0.0,40,False,8.9,0.0,0.0,60,False,4.7,0.0,0.0,60
2021-05-25_NABITA003.11_5,NBSC20022,Negative,0,Invalid,Invalid,False,37.6,0.0,0.0,40,False,5.9,0.0,0.0,40,False,21.9,0.0,0.0,40,False,10.8,0.0,0.0,60,False,7.6,0.0,0.0,60
2021-05-26_NABITA003.11_1,NBSC20004,Negative,0,Negative,Yes,True,120.5,94.0,1.3,40,False,7.3,0.0,0.0,40,False,19.5,0.0,0.0,40,False,12.9,0.0,0.0,60,False,10.1,0.0,0.0,60
2021-05-26_NABITA003.11_2,NBSC20016,Negative,0,Invalid,Invalid,False,29.8,0.0,0.0,40,False,7.5,0.0,0.0,40,False,10.4,0.0,0.0,40,False,13.2,0.0,0.0,60,False,9.1,0.0,0.0,60
2021-05-26_NABITA003.11_3,NBSC20018,Negative,0,Invalid,Invalid,False,31.0,0.0,0.0,40,False,5.5,0.0,0.0,40,False,7.8,0.0,0.0,40,False,24.5,0.0,0.0,60,False,11.1,0.0,0.0,60
2021-05-26_NABITA003.11_4,NBSC20006,Negative,0,Invalid,Invalid,False,34.3,0.0,0.0,40,False,1.9,0.0,0.0,40,False,3.1,0.0,0.0,40,False,4.0,0.0,0.0,60,False,2.7,0.0,0.0,60
2021-05-26_NABITA004.11_1,NBSC20005,Negative,0,Negative,Yes,True,117.0,81.0,1.4,40,False,15.4,0.0,0.0,40,False,3.8,0.0,0.0,40,False,9.7,0.0,0.0,60,False,10.7,0.0,0.0,60
2021-05-26_NABITA004.11_2,NBSC20017,Negative,0,Negative,Yes,True,188.3,129.0,1.5,40,False,16.0,0.0,0.0,40,False,6.6,0.0,0.0,40,False,22.6,0.0,0.0,60,False,17.7,0.0,0.0,60
2021-05-26_NABITA004.11_3,NBSC20019,Negative,0,Negative,Yes,True,153.1,104.0,1.5,40,False,5.6,0.0,0.0,40,False,6.6,0.0,0.0,40,False,18.7,0.0,0.0,60,False,18.2,0.0,0.0,60
2021-05-27_NABITA002.24_1,NBSC20059,Negative,0,Negative,Yes,True,72.6,72.0,1.0,40,False,12.8,0.0,0.0,40,False,13.3,0.0,0.0,40,False,20.7,0.0,0.0,60,False,16.7,0.0,0.0,60
2021-05-27_NABITA002.24_2,NBSC20077,Negative,0,Negative,Yes,True,87.9,66.0,1.3,40,False,8.0,0.0,0.0,40,False,13.7,0.0,0.0,40,False,19.0,0.0,0.0,60,False,17.5,0.0,0.0,60
2021-05-27_NABITA002.24_3,NBSC20009,Negative,0,Negative,Yes,True,101.3,102.0,1.0,40,False,11.5,0.0,0.0,40,False,16.3,0.0,0.0,40,False,21.4,0.0,0.0,60,False,21.3,0.0,0.0,60
2021-05-27_NABITA003.14_2,NBSC20082,Negative,0,Negative,Yes,True,118.3,104.0,1.1,40,False,9.6,0.0,0.0,40,False,15.8,0.0,0.0,40,False,17.8,0.0,0.0,60,False,10.1,0.0,0.0,60
2021-05-27_NABITA004.11_1,NBSC20100,Negative,0,Negative,Yes,True,96.2,77.0,1.2,40,False,10.9,0.0,0.0,40,False,3.4,0.0,0.0,40,False,6.8,0.0,0.0,60,False,10.2,0.0,0.0,60
2021-05-27_NABITA004.11_2,NBSC20060,Negative,0,Negative,Yes,True,79.4,78.0,1.0,40,False,14.6,0.0,0.0,40,False,6.9,0.0,0.0,40,False,7.0,0.0,0.0,60,False,12.8,0.0,0.0,60
2021-05-27_NABITA004.11_3,NBSC20011,Negative,0,Negative,Yes,True,86.3,84.0,1.0,40,False,15.2,0.0,0.0,40,False,5.1,0.0,0.0,40,False,13.6,0.0,0.0,60,False,30.8,0.0,0.0,60
2021-05-28_NABITA003.14_1,NBSC20032,Negative,0,Invalid,Invalid,False,39.4,0.0,0.0,40,False,6.8,0.0,0.0,40,False,8.6,0.0,0.0,40,False,9.6,0.0,0.0,60,False,6.0,0.0,0.0,60
2021-05-28_NABITA003.14_2,NBSC20031,Negative,0,Negative,Yes,True,80.3,88.0,0.9,40,False,7.3,0.0,0.0,40,False,7.4,0.0,0.0,40,False,14.4,0.0,0.0,60,False,9.3,0.0,0.0,60
2021-06-08_NABITA003.17_1,NBSC20030,Negative,0,Invalid,Invalid,False,7.9,0.0,0.0,40,False,8.7,0.0,0.0,40,False,7.0,0.0,0.0,40,False,3.4,0.0,0.0,60,False,7.1,0.0,0.0,60
2021-06-08_NABITA003.18_2,NBSC20036,Negative,0,Invalid,Invalid,False,8.0,0.0,0.0,40,False,7.0,0.0,0.0,40,False,6.0,0.0,0.0,40,False,6.2,0.0,0.0,60,False,6.0,0.0,0.0,60
2021-06-09_NABITA003.19_1,NBSC20035,Negative,0,Invalid,Invalid,False,7.5,0.0,0.0,40,False,7.9,0.0,0.0,40,False,6.0,0.0,0.0,40,False,4.8,0.0,0.0,60,False,5.5,0.0,0.0,60
2021-06-09_NABITA004.12_1,NBSC20029,Negative,0,Negative,Yes,True,115.8,89.0,1.3,40,False,9.7,0.0,0.0,40,False,8.0,0.0,0.0,40,False,12.3,0.0,0.0,60,False,19.5,0.0,0.0,60
2021-06-10_NABITA003.22_1,NBSC20101,Negative,0,Invalid,Yes,False,42.8,0.0,0.0,40,False,8.4,0.0,0.0,40,False,8.7,0.0,0.0,40,False,6.4,0.0,0.0,60,False,25.2,0.0,0.0,60
2021-06-10_NABITA003.22_2,NBSC20103,Negative,0,Negative,Yes,True,48.9,57.0,0.9,40,False,11.7,0.0,0.0,40,False,12.5,0.0,0.0,40,False,31.0,0.0,0.0,60,False,23.6,0.0,0.0,60
2021-06-11_NABITA002.24_1,NBSC20051,Negative,0,Negative,Yes,True,119.9,95.0,1.3,40,False,9.5,0.0,0.0,40,False,15.7,0.0,0.0,40,False,18.1,0.0,0.0,60,False,15.4,0.0,0.0,60
2021-06-11_NABITA004.13_1,NBSC20052,Negative,0,Negative,Yes,True,115.3,90.0,1.3,40,False,18.1,0.0,0.0,40,False,4.7,0.0,0.0,40,False,13.1,0.0,0.0,60,False,12.1,0.0,0.0,60
2021-06-11_NABITA004.13_2,NBSC20012,Negative,0,Negative,Yes,True,51.5,58.0,0.9,40,False,4.1,0.0,0.0,40,False,4.7,0.0,0.0,40,False,12.2,0.0,0.0,60,False,9.8,0.0,0.0,60
2021-06-14_NABITA003.22_1,NBSC20050,Negative,0,Negative,Yes,True,74.7,69.0,1.1,40,False,13.3,0.0,0.0,40,False,17.7,0.0,0.0,40,False,18.9,0.0,0.0,60,False,9.3,0.0,0.0,60
2021-06-15_NABITA003.22_1,NBSC20046,Negative,0,Invalid,Invalid,False,32.2,0.0,0.0,40,False,3.8,0.0,0.0,40,False,4.0,0.0,0.0,40,False,6.6,0.0,0.0,60,False,3.2,0.0,0.0,60
2021-06-15_NABITA004.13_1,NBSC20045,Negative,0,Negative,Yes,True,115.1,83.0,1.4,40,False,15.4,0.0,0.0,40,False,4.5,0.0,0.0,40,False,16.1,0.0,0.0,60,False,12.5,0.0,0.0,60
2021-06-15_NABITA004.14_1,NBSC20042,Negative,0,Negative,Yes,True,221.8,124.0,1.8,40,False,15.6,0.0,0.0,40,False,11.6,0.0,0.0,40,False,18.5,0.0,0.0,60,False,23.1,0.0,0.0,60
2021-06-17_NABITA002.28_1,In-House Kit,Positive,"100,000",Positive,Yes,True,166.8,101.0,1.7,40,True,84.3,66.0,1.3,40,True,165.3,61.0,2.7,40,True,175.7,63.0,2.8,60,True,164.9,77.0,2.1,60
2021-06-24_NABITA003.27_1,NBSC20041,Negative,0,Invalid,Fail,False,4.0,0.0,0.0,40,False,3.5,0.0,0.0,40,False,17.5,0.0,0.0,40,False,6.1,0.0,0.0,60,False,4.2,0.0,0.0,60
2021-06-30_NABITA003.34_1,NBSC20013,Negative,0,Invalid,Invalid,False,39.6,0.0,0.0,40,False,8.2,0.0,0.0,40,False,15.4,0.0,0.0,40,False,18.4,0.0,0.0,60,False,19.3,0.0,0.0,60
2021-07-21_NABITA002.35_1,NBSC20043,Positive,"7,650",Positive,Yes,True,127.3,100.0,1.3,40,True,106.9,73.0,1.5,40,True,132.0,62.0,2.1,40,True,181.9,92.0,2.0,60,True,97.9,80.0,1.2,60
2021-07-21_NABITA002.35_2,,Positive,"7,650",Positive,Yes,True,195.4,79.0,2.5,40,True,122.5,71.0,1.7,40,True,173.0,82.0,2.1,40,True,247.9,69.0,3.6,60,True,199.3,77.0,2.6,60
2021-07-21_NABITA004.21_1,NBSC20044,Positive,"7,650",Positive,Yes,True,151.9,130.0,1.2,40,True,52.7,52.0,1.0,40,True,102.9,93.0,1.1,40,True,194.7,85.0,2.3,60,True,86.1,63.0,1.4,60
2021-07-21_NABITA004.21_2,,Positive,"7,650",Positive,Yes,True,158.7,82.0,1.9,40,True,115.6,90.0,1.3,40,True,145.6,98.0,1.5,40,True,217.4,64.0,3.4,60,True,280.3,86.0,3.3,60
2021-07-22_NABITA002.35_1,NBSC20118,Positive,"7,650",Positive,Yes,True,135.7,116.0,1.2,40,True,54.7,63.0,0.9,40,True,74.4,55.0,1.4,40,True,189.3,75.0,2.5,60,True,69.1,58.0,1.2,60
2021-07-22_NABITA002.35_2,NBSC20116,Positive,"7,650",Positive,Yes,True,80.6,74.0,1.1,40,True,50.3,48.0,1.0,40,True,76.8,45.0,1.7,40,True,115.7,65.0,1.8,60,True,104.8,74.0,1.4,60
2021-07-22_NABITA002.35_3,,Positive,"7,650",Positive,Yes,True,173.9,115.0,1.5,40,True,115.8,100.0,1.2,40,True,143.6,102.0,1.4,40,True,246.0,95.0,2.6,60,True,213.8,95.0,2.3,60
2021-07-22_NABITA004.21_1,,Positive,"7,650",Positive,Yes,True,145.7,81.0,1.8,40,True,133.6,73.0,1.8,40,True,136.0,99.0,1.4,40,True,267.9,107.0,2.5,60,True,231.1,78.0,3.0,60
2021-07-23_NABITA002.35_1,,Positive,"7,650",Positive,Yes,True,162.6,69.0,2.4,40,True,199.8,116.0,1.7,40,True,148.2,70.0,2.1,40,True,269.5,95.0,2.8,60,True,253.1,72.0,3.5,60
2021-07-23_NABITA002.35_2,,Positive,"7,650",Positive,Yes,True,197.7,70.0,2.8,40,True,151.2,101.0,1.5,40,True,135.2,70.0,1.9,40,True,251.0,67.0,3.7,60,True,249.1,65.0,3.8,60
2021-07-23_NABITA004.21_1,,Positive,"7,650",Positive,Yes,True,162.8,95.0,1.7,40,True,144.8,63.0,2.3,40,True,123.9,61.0,2.0,40,True,230.8,84.0,2.7,60,True,240.7,64.0,3.8,60
2021-07-23_NABITA004.21_2,,Positive,"7,650",Positive,Yes,True,166.8,69.0,2.4,40,True,102.6,61.0,1.7,40,True,195.7,63.0,3.1,40,True,253.5,73.0,3.5,60,True,297.8,88.0,3.4,60
2021-07-24_NABITA002.35_1,,Positive,"7,650",Positive,Yes,True,157.3,97.0,1.6,40,True,287.4,119.0,2.4,40,True,172.7,88.0,2.0,40,True,266.4,105.0,2.5,60,True,193.3,74.0,2.6,60
2021-07-24_NABITA004.21_1,,Positive,"7,650",Positive,Yes,True,224.4,121.0,1.9,40,True,120.2,107.0,1.1,40,True,79.9,53.0,1.5,40,True,266.2,129.0,2.1,60,True,373.7,109.0,3.4,60
2021-07-25_NABITA002.35_1,,Positive,"7,650",Positive,Yes,True,205.5,138.0,1.5,40,True,160.6,103.0,1.6,40,True,272.5,139.0,2.0,40,True,305.9,121.0,2.5,60,True,140.0,59.0,2.4,60
2021-07-25_NABITA004.21_1,,Positive,"7,650",Positive,Yes,True,171.8,107.0,1.6,40,True,119.4,82.0,1.5,40,True,97.1,59.0,1.6,40,True,196.2,67.0,2.9,60,True,310.6,135.0,2.3,60
2021-07-27_NABITA002.35_1,,Positive,"7,650",Positive,Yes,True,166.6,86.0,1.9,40,True,156.1,87.0,1.8,40,True,129.4,69.0,1.9,40,True,315.0,112.0,2.8,60,True,289.4,101.0,2.9,60
2021-07-27_NABITA002.35_2,INSC20001,Negative,0,Negative,Yes,True,112.9,89.0,1.3,40,False,11.3,0.0,0.0,40,False,33.1,0.0,0.0,40,False,45.1,50.0,0.9,60,False,24.9,0.0,0.0,60
2021-07-27_NABITA002.35_3,INSC20003,Gene N,"24,000",Positive,Yes,True,149.9,78.0,1.9,40,True,119.0,65.0,1.8,40,True,132.9,68.0,2.0,40,False,24.1,0.0,0.0,60,False,33.3,0.0,0.0,60
2021-07-27_NABITA002.35_4,INSC20006,Negative,0,Negative,Yes,True,121.6,70.0,1.7,40,False,14.0,0.0,0.0,40,False,26.9,0.0,0.0,40,False,26.4,0.0,0.0,60,False,21.7,0.0,0.0,60
2021-07-27_NABITA002.35_5,INSC20009,Positive,"7,650",Positive,Yes,True,149.7,66.0,2.3,40,True,94.7,79.0,1.2,40,True,135.2,77.0,1.8,40,True,258.9,91.0,2.8,60,True,204.8,84.0,2.4,60
2021-07-27_NABITA002.35_6,INSC20012,Negative,0,Negative,Yes,True,170.0,104.0,1.6,40,False,17.1,0.0,0.0,40,False,27.1,0.0,0.0,40,False,38.7,0.0,0.0,60,False,36.0,0.0,0.0,60
2021-07-27_NABITA002.35_7,INSC20015,Positive,"7,650",Positive,Yes,True,177.1,86.0,2.1,40,True,147.9,106.0,1.4,40,True,141.5,113.0,1.3,40,True,247.6,111.0,2.2,60,True,239.4,123.0,1.9,60
2021-07-27_NABITA002.35_8,INSC20018,Negative,0,Negative,Yes,True,139.1,88.0,1.6,40,False,14.2,0.0,0.0,40,False,22.4,0.0,0.0,40,False,11.5,0.0,0.0,60,False,15.6,0.0,0.0,60
2021-07-27_NABITA003.37_1,NBSC20112,Positive,"7,650",Invalid,Yes,False,51.8,0.0,0.0,40,True,47.4,48.0,1.0,40,True,51.9,51.0,1.0,40,True,147.6,78.0,1.9,60,True,69.6,72.0,1.0,60
2021-07-27_NABITA003.37_2,INSC20005,Positive,"7,650",Positive,Yes,True,99.1,64.0,1.5,40,True,90.3,62.0,1.5,40,True,99.0,61.0,1.6,40,True,251.9,104.0,2.4,60,True,229.9,96.0,2.4,60
2021-07-27_NABITA003.37_3,INSC20008,Negative,0,Negative,Yes,True,83.7,62.0,1.3,40,False,10.0,0.0,0.0,40,False,11.9,0.0,0.0,40,False,33.7,0.0,0.0,60,False,32.8,0.0,0.0,60
2021-07-27_NABITA003.37_4,INSC20011,Gene N,"24,000",Positive,Yes,True,94.9,76.0,1.2,40,True,107.4,75.0,1.4,40,True,83.1,50.0,1.7,40,False,28.0,0.0,0.0,60,False,25.5,0.0,0.0,60
2021-07-27_NABITA003.37_6,INSC20017,Negative,0,Negative,Yes,True,122.5,89.0,1.4,40,False,27.7,0.0,0.0,40,False,30.9,0.0,0.0,40,False,44.5,0.0,0.0,60,False,27.0,0.0,0.0,60
2021-07-27_NABITA004.21_1,,Positive,"7,650",Positive,Yes,True,184.7,138.0,1.3,40,True,73.1,49.0,1.5,40,True,189.4,122.0,1.6,40,True,259.7,125.0,2.1,60,True,202.6,112.0,1.8,60
2021-07-27_NABITA004.21_2,INSC20002,Negative,0,Negative,Yes,True,175.5,88.0,2.0,40,False,10.8,0.0,0.0,40,False,24.9,0.0,0.0,40,False,19.0,0.0,0.0,60,False,36.4,0.0,0.0,60
2021-07-27_NABITA004.21_3,INSC20004,Gene N,"24,000",Positive,Yes,True,138.3,58.0,2.4,40,True,118.9,72.0,1.7,40,True,112.9,58.0,1.9,40,False,23.6,0.0,0.0,60,False,28.1,0.0,0.0,60
2021-07-27_NABITA004.21_4,INSC20007,Negative,0,Negative,Yes,True,200.9,98.0,2.0,40,False,12.8,0.0,0.0,40,False,14.0,0.0,0.0,40,False,43.2,45.0,1.0,60,False,45.7,0.0,0.0,60
2021-07-27_NABITA004.21_5,INSC20010,Positive,"7,650",Positive,Yes,True,159.3,67.0,2.4,40,True,135.7,85.0,1.6,40,True,203.3,119.0,1.7,40,True,314.6,96.0,3.3,60,True,340.9,99.0,3.4,60
2021-07-27_NABITA004.21_6,INSC20013,Negative,0,Negative,Yes,True,150.5,69.0,2.2,40,False,23.8,0.0,0.0,40,False,19.1,0.0,0.0,40,False,29.7,0.0,0.0,60,False,31.1,0.0,0.0,60
2021-07-27_NABITA004.21_7,INSC20016,Positive,"7,650",Invalid,Yes,False,70.6,0.0,0.0,40,True,88.3,98.0,0.9,40,True,122.2,76.0,1.6,40,True,270.5,139.0,1.9,60,True,324.8,111.0,2.9,60
2021-07-27_NABITA004.21_8,INSC20019,Negative,0,Negative,Yes,True,199.2,90.0,2.2,40,False,16.4,0.0,0.0,40,False,26.4,0.0,0.0,40,False,11.1,13.0,0.9,60,False,44.8,0.0,0.0,60
2021-07-28_NABITA002.35_1,,Positive,"7,650",Positive,Yes,True,159.9,130.0,1.2,40,True,108.0,70.0,1.5,40,True,157.9,81.0,1.9,40,True,337.3,101.0,3.3,60,False,23.2,0.0,0.0,60
2021-07-28_NABITA002.35_2,INSC20021,Positive,"7,650",Positive,Yes,True,161.6,78.0,2.1,40,True,103.6,65.0,1.6,40,True,137.7,65.0,2.1,40,True,108.7,33.0,3.3,60,False,23.3,0.0,0.0,60
2021-07-28_NABITA004.21_1,,Positive,"7,650",Positive,Yes,True,132.4,107.0,1.2,40,True,63.5,46.0,1.4,40,True,109.5,68.0,1.6,40,True,125.0,64.0,2.0,60,True,244.1,138.0,1.8,60
2021-07-28_NABITA004.21_2,INSC20022,Positive,"7,650",Positive,NA,True,86.4,36.0,2.4,40,True,108.1,38.0,2.8,40,True,138.3,55.0,2.5,40,True,131.4,27.0,4.9,60,True,258.7,36.0,7.2,60
2021-07-29_NABITA002.35_1,,Positive,"7,650",Positive,Yes,True,171.6,138.0,1.2,40,True,177.4,111.0,1.6,40,True,147.5,87.0,1.7,40,True,139.4,54.0,2.6,60,True,172.5,103.0,1.7,60
2021-07-29_NABITA004.21_1,,Positive,"7,650",Positive,Yes,True,177.3,139.0,1.3,40,True,188.0,106.0,1.8,40,True,167.7,138.0,1.2,40,True,200.5,119.0,1.7,60,True,271.4,131.0,2.1,60
2021-07-29_NABITA004.21_2,INSC20023,Positive,"7,650",Positive,Yes,True,158.0,90.0,1.8,40,True,120.9,59.0,2.0,40,True,156.5,77.0,2.0,40,True,263.3,73.0,3.6,60,True,220.5,80.0,2.8,60
2021-07-30_NABITA002.39_1,NBSC20152,Positive,"7,650",Positive,Yes,True,150.4,85.0,1.8,40,True,174.8,87.0,2.0,40,True,151.0,72.0,2.1,40,True,287.0,96.0,3.0,60,True,295.6,113.0,2.6,60
2021-07-30_NABITA002.39_2,NBSC20154,Negative,0,Negative,Yes,True,127.0,67.0,1.9,40,False,18.5,0.0,0.0,40,False,14.3,0.0,0.0,40,False,26.0,0.0,0.0,60,False,20.7,0.0,0.0,60
2021-07-30_NABITA002.39_3,NBSC20156,Negative,0,Negative,Yes,True,174.5,86.0,2.0,40,False,15.0,0.0,0.0,40,False,29.9,0.0,0.0,40,False,41.6,0.0,0.0,60,False,14.5,0.0,0.0,60
2021-07-30_NABITA002.39_4,NBSC20210,Positive,"7,650",Positive,Yes,True,153.4,101.0,1.5,40,True,73.3,52.0,1.4,40,True,155.0,118.0,1.3,40,True,353.7,93.0,3.8,60,True,239.8,79.0,3.0,60
2021-07-30_NABITA002.39_5,NBSC20218,Positive,"7,650",Positive,Yes,True,183.7,118.0,1.6,40,True,77.6,76.0,1.0,40,True,139.9,99.0,1.4,40,True,285.4,101.0,2.8,60,True,198.7,82.0,2.4,60
2021-07-30_NABITA004.23_1,NBSC20153,Positive,"7,650",Positive,Yes,True,210.9,104.0,2.0,40,True,118.9,81.0,1.5,40,True,207.4,79.0,2.6,40,True,201.4,78.0,2.6,60,True,214.9,82.0,2.6,60
2021-07-30_NABITA004.23_2,NBSC20155,Negative,0,Negative,Yes,True,150.3,70.0,2.1,40,False,12.0,0.0,0.0,40,False,14.7,0.0,0.0,40,False,23.2,0.0,0.0,60,False,18.9,0.0,0.0,60
2021-07-30_NABITA004.23_3,NBSC20200,Negative,0,Negative,Yes,True,162.1,120.0,1.4,40,False,13.0,0.0,0.0,40,False,14.4,0.0,0.0,40,False,46.0,0.0,0.0,60,False,21.5,0.0,0.0,60
2021-07-30_NABITA004.23_4,NBSC20186,Positive,"7,650",Positive,Yes,True,179.3,98.0,1.8,40,True,102.4,90.0,1.1,40,True,159.4,118.0,1.4,40,True,311.4,111.0,2.8,60,True,163.8,84.0,2.0,60
2021-07-30_NABITA004.23_5,NBSC20226,Negative,0,Negative,Yes,True,141.6,59.0,2.4,40,False,18.0,0.0,0.0,40,False,15.8,0.0,0.0,40,False,23.1,0.0,0.0,60,False,36.4,0.0,0.0,60
2021-08-03_NABITA003.37_1,NBSC20221,Negative,0,Invalid,Invalid,False,26.7,0.0,0.0,40,False,29.3,0.0,0.0,40,False,36.3,0.0,0.0,40,False,43.2,0.0,0.0,60,False,37.4,0.0,0.0,60
2021-08-04_NABITA003.37_1,NBSC20244,Negative,0,Negative,Yes,True,80.2,66.0,1.2,40,False,23.4,0.0,0.0,40,False,23.5,0.0,0.0,40,False,26.2,0.0,0.0,60,False,16.6,0.0,0.0,60
2021-08-04_NABITA003.37_2,NBSC20222,NA,unknown,Negative,NA,True,132.4,69.0,1.9,40,False,18.0,0.0,0.0,40,False,10.7,0.0,0.0,40,False,40.3,0.0,0.0,60,False,28.8,0.0,0.0,60
2021-08-04_NABITA003.37_3,NBSC20223,NA,unknown,Negative,NA,True,117.1,69.0,1.7,40,False,25.0,0.0,0.0,40,False,29.2,0.0,0.0,40,False,28.9,23.0,1.3,60,False,23.9,0.0,0.0,60
2021-08-04_NABITA003.37_4,NBSC20224,NA,unknown,Negative,NA,True,62.3,68.0,0.9,40,False,21.4,0.0,0.0,40,False,20.2,0.0,0.0,40,False,25.0,0.0,0.0,60,False,18.5,0.0,0.0,60
2021-08-04_NABITA003.37_5,NBSC20225,NA,unknown,Negative,NA,True,144.7,65.0,2.2,40,False,25.2,0.0,0.0,40,False,21.5,0.0,0.0,40,False,47.8,0.0,0.0,60,False,50.1,54.0,0.9,60
2021-08-04_NABITA003.37_6,NBSC20227,NA,unknown,Negative,NA,True,141.7,63.0,2.2,40,False,14.8,0.0,0.0,40,False,17.4,0.0,0.0,40,False,26.5,0.0,0.0,60,False,35.4,0.0,0.0,60
2021-08-04_NABITA003.37_7,NBSC20228,NA,unknown,Positive,NA,True,120.8,60.0,2.0,40,True,67.1,54.0,1.2,40,True,82.6,49.0,1.7,40,True,368.2,102.0,3.6,60,True,266.1,96.0,2.8,60
2021-08-04_NABITA003.37_8,NBSC20229,NA,unknown,Positive,NA,True,142.3,60.0,2.4,40,False,13.4,0.0,0.0,40,True,123.9,79.0,1.6,40,False,26.8,0.0,0.0,60,False,29.4,0.0,0.0,60
2021-08-05_NABITA003.37_1,NBSC20230,NA,unknown,Positive,NA,True,60.1,53.0,1.1,40,True,62.5,48.0,1.3,40,False,10.2,0.0,0.0,40,False,14.7,0.0,0.0,60,False,12.4,0.0,0.0,60
2021-08-05_NABITA003.37_2,NBSC20231,NA,unknown,Negative,NA,True,138.7,71.0,2.0,40,False,21.0,0.0,0.0,40,False,14.6,0.0,0.0,40,False,29.7,0.0,0.0,60,False,18.4,0.0,0.0,60
2021-08-05_NABITA003.37_3,NBSC20232,NA,unknown,Positive,NA,True,154.7,98.0,1.6,40,False,19.3,0.0,0.0,40,True,107.1,63.0,1.7,40,True,290.3,58.0,5.0,60,True,329.2,101.0,3.3,60
2021-08-05_NABITA003.37_4,NBSC20233,NA,unknown,Negative,NA,True,112.1,76.0,1.5,40,False,9.7,0.0,0.0,40,False,15.1,0.0,0.0,40,False,29.2,0.0,0.0,60,False,38.1,0.0,0.0,60
2021-08-05_NABITA003.37_5,NBSC20234,NA,unknown,Negative,NA,True,91.6,65.0,1.4,40,False,9.8,0.0,0.0,40,False,16.3,0.0,0.0,40,False,14.3,16.0,0.9,60,False,13.9,14.0,1.0,60
2021-08-05_NABITA003.37_6,NBSC20235,NA,unknown,Negative,NA,True,109.3,68.0,1.6,40,False,18.0,0.0,0.0,40,False,20.3,0.0,0.0,40,False,47.5,0.0,0.0,60,False,28.6,0.0,0.0,60
2021-08-05_NABITA003.37_7,NBSC20236,NA,unknown,Positive,NA,True,167.1,126.0,1.3,40,False,23.4,0.0,0.0,40,False,24.8,0.0,0.0,40,True,357.8,139.0,2.6,60,False,11.5,0.0,0.0,60
2021-08-05_NABITA003.37_8,NBSC20237,NA,unknown,Negative,NA,True,91.6,98.0,0.9,40,False,21.6,0.0,0.0,40,False,23.6,0.0,0.0,40,False,26.5,26.0,1.0,60,False,32.0,0.0,0.0,60
2021-08-09_NABITA003.37_1,NBSC20238,Negative,0,Negative,Yes,True,171.4,138.0,1.2,40,False,28.4,0.0,0.0,40,False,11.5,0.0,0.0,40,False,29.6,0.0,0.0,60,False,30.9,0.0,0.0,60
2021-08-12_NABITA003.37_1,INSC20026,Positive,"7,650",Positive,Yes,True,68.8,56.0,1.2,40,True,68.9,68.0,1.0,40,True,172.4,100.0,1.7,40,True,266.7,131.0,2.0,60,True,193.5,85.0,2.3,60
2021-08-12_NABITA003.37_2,INSC20039,Negative,0,Negative,Yes,True,132.1,67.0,2.0,40,False,19.3,0.0,0.0,40,False,22.0,0.0,0.0,40,False,24.3,0.0,0.0,60,False,26.2,0.0,0.0,60
2021-08-17_NABITA003.37_1,INSC20024,NA,unknown,Negative,NA,True,102.6,80.0,1.3,40,False,23.3,0.0,0.0,40,False,10.8,0.0,0.0,40,False,28.8,0.0,0.0,60,False,36.0,0.0,0.0,60
2021-08-17_NABITA003.37_2,INSC20025,NA,unknown,Negative,NA,True,73.2,65.0,1.1,40,False,22.0,25.0,0.9,40,False,18.6,0.0,0.0,40,False,25.1,0.0,0.0,60,False,22.0,0.0,0.0,60
2021-08-17_NABITA003.37_3,INSC20027,NA,unknown,Positive,NA,True,112.6,64.0,1.8,40,False,12.1,0.0,0.0,40,True,94.1,58.0,1.6,40,False,23.6,0.0,0.0,60,False,29.7,0.0,0.0,60
2021-08-17_NABITA003.37_4,INSC20028,NA,unknown,Negative,NA,True,116.9,72.0,1.6,40,False,9.3,0.0,0.0,40,False,12.8,0.0,0.0,40,False,40.3,43.0,0.9,60,False,40.1,0.0,0.0,60
2021-08-17_NABITA003.37_5,INSC20029,NA,unknown,Negative,NA,True,140.5,99.0,1.4,40,False,11.2,0.0,0.0,40,False,13.6,0.0,0.0,40,False,24.8,0.0,0.0,60,False,17.4,0.0,0.0,60
2021-08-17_NABITA003.37_6,INSC20030,NA,unknown,Positive,NA,True,137.5,106.0,1.3,40,True,110.4,74.0,1.5,40,True,140.9,64.0,2.2,40,True,305.7,103.0,3.0,60,True,285.2,101.0,2.8,60
2021-08-17_NABITA003.37_7,INSC20031,NA,unknown,Positive,NA,True,131.5,78.0,1.7,40,True,67.8,71.0,1.0,40,True,126.5,93.0,1.4,40,True,321.8,86.0,3.7,60,True,252.8,107.0,2.4,60
2021-08-17_NABITA003.37_8,INSC20032,NA,unknown,Negative,NA,True,103.0,68.0,1.5,40,False,16.2,0.0,0.0,40,False,18.2,0.0,0.0,40,False,30.7,0.0,0.0,60,False,24.1,0.0,0.0,60
2021-08-27_NABITA003.37_1,INSC20034,Positive,"7,650",Positive,Yes,True,105.2,101.0,1.0,40,True,78.0,62.0,1.3,40,True,103.2,64.0,1.6,40,True,445.8,121.0,3.7,60,False,23.5,0.0,0.0,60
2021-08-27_NABITA003.37_2,INSC20035,NA,unknown,Negative,NA,True,126.9,99.0,1.3,40,False,16.9,0.0,0.0,40,False,17.0,0.0,0.0,40,False,20.0,0.0,0.0,60,False,20.9,0.0,0.0,60
2021-08-30_NABITA001.23_1,NBSC20239,Positive,"7,650",Positive,Yes,True,116.4,74.0,1.6,40,True,90.4,56.0,1.6,40,True,118.5,66.0,1.8,40,True,134.6,61.0,2.2,60,True,176.5,69.0,2.6,60
2021-09-01_NABITA001.23_1,NBSC20241,Positive,1000,Positive,Yes,True,123.1,86.0,1.4,40,True,69.1,52.0,1.3,40,True,92.0,65.0,1.4,40,True,189.9,64.0,3.0,60,False,41.6,0.0,0.0,60
2021-09-01_NABITA001.23_2,NBSC20279,Positive,400,Positive,Yes,True,135.0,90.0,1.5,40,False,48.5,0.0,0.0,40,True,107.9,91.0,1.2,40,False,25.9,0.0,0.0,60,False,49.3,51.0,1.0,60
2021-09-03_NABITA003.37_1,NBSC20258,Positive,1000,Positive,Fail,True,109.5,91.0,1.2,40,True,86.1,87.0,1.0,40,True,138.2,81.0,1.7,40,False,48.5,0.0,0.0,60,True,301.0,76.0,4.0,60
2021-09-10_NABITA003.37_1,NBSC20242,Positive,1000,Positive,Yes,True,146.6,88.0,1.7,40,True,96.1,59.0,1.6,40,True,164.5,99.0,1.7,40,True,318.2,112.0,2.8,60,False,31.5,0.0,0.0,60
2021-09-10_NABITA003.37_2,NBSC20243,Positive,1000,Invalid,Yes,False,55.9,0.0,0.0,40,True,41.6,48.0,0.9,40,True,82.0,67.0,1.2,40,False,35.1,0.0,0.0,60,True,170.9,79.0,2.2,60
2021-09-10_NABITA003.37_3,NBSC20245,Positive,1000,Invalid,Invalid,False,28.3,0.0,0.0,40,False,17.5,0.0,0.0,40,False,14.9,0.0,0.0,40,False,20.7,0.0,0.0,60,False,22.9,0.0,0.0,60
2021-09-10_NABITA003.37_4,NBSC20246,Positive,1000,Positive,Yes,True,145.3,81.0,1.8,40,True,97.4,60.0,1.6,40,True,141.4,77.0,1.8,40,True,441.4,133.0,3.3,60,True,281.8,111.0,2.5,60
2021-09-10_NABITA003.37_5,NBSC20247,Positive,1000,Invalid,Yes,False,51.7,0.0,0.0,40,True,77.8,69.0,1.1,40,True,138.6,103.0,1.3,40,True,382.7,133.0,2.9,60,False,40.2,0.0,0.0,60
2021-09-27_NABITA002.39_1,INSC20040,Positive,"7,650",Negative,Yes,True,149.8,101.0,1.5,40,False,7.5,0.0,0.0,40,False,9.5,0.0,0.0,40,False,11.0,0.0,0.0,60,False,10.4,0.0,0.0,60
2021-09-27_NABITA004.23_1,INSC20036,Negative,0,Negative,Yes,True,103.3,69.0,1.5,40,False,13.7,0.0,0.0,40,False,14.6,0.0,0.0,40,False,24.2,0.0,0.0,60,False,15.0,0.0,0.0,60
2021-09-27_NABITA004.23_2,INSC20037,Positive,"7,650",Positive,Yes,True,87.7,87.0,1.0,40,True,114.1,77.0,1.5,40,True,64.9,56.0,1.2,40,True,290.0,106.0,2.7,60,True,94.3,43.0,2.2,60
2021-09-30_NABITA002.39_1,NBSC20240,Positive,"7,650",Positive,Yes,True,172.8,124.0,1.4,40,True,95.9,83.0,1.2,40,True,181.4,100.0,1.8,40,True,228.2,76.0,3.0,60,True,226.7,110.0,2.1,60
2021-10-04_NABITA002.39_1,NBSC20249,Positive,3.9,Negative,No,True,160.6,103.0,1.6,40,False,12.5,0.0,0.0,40,False,27.4,0.0,0.0,40,False,39.2,41.0,1.0,60,False,31.4,0.0,0.0,60
2021-10-04_NABITA002.39_2,NBSC20252,Positive,15.6,Negative,No,True,140.4,82.0,1.7,40,False,11.3,0.0,0.0,40,False,10.7,0.0,0.0,40,False,18.1,0.0,0.0,60,False,8.7,0.0,0.0,60
2021-10-04_NABITA002.39_3,NBSC20255,Positive,62.5,Positive,Yes,True,108.8,73.0,1.5,40,True,108.3,95.0,1.1,40,False,25.4,0.0,0.0,40,False,25.3,0.0,0.0,60,True,95.7,52.0,1.8,60
2021-10-04_NABITA002.39_4,NBSC20198,Positive,250,Positive,Yes,True,152.6,87.0,1.8,40,True,158.3,97.0,1.6,40,True,146.9,69.0,2.1,40,True,192.8,65.0,3.0,60,True,203.0,72.0,2.8,60
2021-10-04_NABITA002.39_5,NBSC20194,Negative,0,Negative,Yes,True,135.7,88.0,1.5,40,False,14.0,0.0,0.0,40,False,11.7,0.0,0.0,40,False,20.9,0.0,0.0,60,False,14.2,0.0,0.0,60
2021-10-04_NABITA003.38_1,NBSC20250,Positive,3.9,Positive,Yes,True,124.7,86.0,1.5,40,True,58.4,38.0,1.5,40,False,12.6,0.0,0.0,40,False,12.1,0.0,0.0,60,False,23.0,0.0,0.0,60
2021-10-04_NABITA003.38_2,NBSC20253,Positive,15.6,Positive,Yes,True,123.8,72.0,1.7,40,False,16.4,0.0,0.0,40,True,75.3,60.0,1.3,40,True,428.2,123.0,3.5,60,True,218.5,83.0,2.6,60
2021-10-04_NABITA003.38_3,NBSC20256,Positive,62.5,Positive,Yes,True,112.0,100.0,1.1,40,True,91.4,98.0,0.9,40,True,128.7,96.0,1.3,40,False,48.1,0.0,0.0,60,True,318.1,83.0,3.8,60
2021-10-04_NABITA003.38_4,NBSC20195,Positive,250,Positive,Yes,True,118.9,122.0,1.0,40,True,100.5,106.0,0.9,40,True,140.9,97.0,1.5,40,True,220.9,96.0,2.3,60,True,205.5,101.0,2.0,60
2021-10-04_NABITA003.38_5,NBSC20196,Negative,0,Negative,Yes,True,102.5,98.0,1.0,40,False,8.5,0.0,0.0,40,False,16.1,0.0,0.0,40,False,40.0,0.0,0.0,60,False,25.5,0.0,0.0,60
2021-10-04_NABITA004.23_1,NBSC20251,Positive,3.9,Negative,No,True,142.9,97.0,1.5,40,False,15.8,0.0,0.0,40,False,12.9,0.0,0.0,40,False,22.4,0.0,0.0,60,False,10.4,0.0,0.0,60
2021-10-04_NABITA004.23_2,NBSC20254,Positive,15.6,Negative,No,True,110.0,68.0,1.6,40,False,11.6,0.0,0.0,40,False,10.9,0.0,0.0,40,False,32.0,0.0,0.0,60,False,24.8,0.0,0.0,60
2021-10-04_NABITA004.23_3,NBSC20257,Positive,62.5,Negative,No,True,104.1,73.0,1.4,40,False,14.3,0.0,0.0,40,False,23.1,0.0,0.0,40,False,15.1,0.0,0.0,60,False,7.6,0.0,0.0,60
2021-10-04_NABITA004.23_4,NBSC20199,Positive,250,Positive,Yes,True,161.9,63.0,2.6,40,True,102.4,77.0,1.3,40,True,121.6,71.0,1.7,40,True,105.9,55.0,1.9,60,True,116.9,56.0,2.1,60
2021-10-04_NABITA004.23_5,NBSC20197,Negative,0,Negative,Yes,True,80.1,76.0,1.1,40,False,7.8,0.0,0.0,40,False,14.0,0.0,0.0,40,False,20.0,0.0,0.0,60,False,20.9,0.0,0.0,60
2021-10-05_NABITA002.39_1,NBSC20176,Positive,3.9,Negative,No,True,184.7,112.0,1.6,40,False,19.6,0.0,0.0,40,False,10.6,0.0,0.0,40,False,22.4,24.0,0.9,60,False,34.3,0.0,0.0,60
2021-10-05_NABITA002.39_2,NBSC20205,Positive,15.6,Negative,No,True,159.8,79.0,2.0,40,False,15.2,0.0,0.0,40,False,13.1,0.0,0.0,40,False,15.8,0.0,0.0,60,False,12.7,0.0,0.0,60
2021-10-05_NABITA002.39_3,NBSC20201,Positive,62.5,Positive,Yes,True,185.9,95.0,2.0,40,False,14.9,0.0,0.0,40,False,14.6,0.0,0.0,40,True,279.3,93.0,3.0,60,True,200.1,77.0,2.6,60
2021-10-05_NABITA002.39_4,NBSC20280,Positive,250,Positive,Yes,True,172.9,133.0,1.3,40,True,111.9,77.0,1.5,40,True,147.2,74.0,2.0,40,True,231.8,91.0,2.5,60,True,214.6,105.0,2.0,60
2021-10-05_NABITA002.39_5,NBSC20263,Negative,0,Negative,No,True,151.3,78.0,1.9,40,False,18.5,0.0,0.0,40,False,28.0,0.0,0.0,40,False,40.4,0.0,0.0,60,False,16.3,0.0,0.0,60
2021-10-05_NABITA003.38_1,NBSC20188,Positive,3.9,Negative,No,True,105.5,88.0,1.2,40,False,12.8,0.0,0.0,40,False,19.2,0.0,0.0,40,False,36.2,0.0,0.0,60,False,16.0,0.0,0.0,60
2021-10-05_NABITA003.38_2,NBSC20206,Positive,15.6,Negative,No,True,136.7,87.0,1.6,40,False,21.9,0.0,0.0,40,False,10.7,0.0,0.0,40,False,31.1,0.0,0.0,60,False,35.8,0.0,0.0,60
2021-10-05_NABITA003.38_3,NBSC20202,Positive,62.5,Negative,No,True,95.4,75.0,1.3,40,False,12.3,0.0,0.0,40,False,21.1,0.0,0.0,40,False,21.0,23.0,0.9,60,False,27.5,0.0,0.0,60
2021-10-05_NABITA003.38_4,NBSC20262,Positive,250,Positive,Yes,True,120.4,82.0,1.5,40,False,16.9,0.0,0.0,40,True,142.0,85.0,1.7,40,False,52.0,0.0,0.0,60,True,249.6,78.0,3.2,60
2021-10-05_NABITA003.38_5,NBSC20264,Negative,0,Negative,No,True,121.3,78.0,1.6,40,False,18.7,0.0,0.0,40,False,22.6,0.0,0.0,40,False,25.4,0.0,0.0,60,False,25.2,0.0,0.0,60
2021-10-26_NABITA004.23_1,NBSC20266,Positive,"7,650",Positive,Yes,True,140.9,96.0,1.5,40,True,99.8,61.0,1.6,40,True,175.4,102.0,1.7,40,True,174.2,69.0,2.5,60,True,126.5,60.0,2.1,60
2021-10-26_NABITA004.23_2,NBSC20267,Positive,"7,650",Positive,Yes,True,105.0,89.0,1.2,40,True,123.2,88.0,1.4,40,True,97.6,77.0,1.3,40,True,96.0,76.0,1.3,60,True,145.5,99.0,1.5,60
2021-10-26_NABITA004.23_3,NBSC20268,Positive,"7,650",Positive,Yes,True,131.2,78.0,1.7,40,True,108.8,76.0,1.4,40,True,184.9,86.0,2.2,40,True,138.0,74.0,1.9,60,True,163.4,75.0,2.2,60
2021-10-27_NABITA002.39_1,NBSC20269,Positive,62.5,Positive,Yes,True,141.2,82.0,1.7,40,False,12.3,0.0,0.0,40,True,112.8,52.0,2.2,40,False,40.9,43.0,1.0,60,False,26.0,0.0,0.0,60
2021-10-27_NABITA002.39_2,NBSC20271,Positive,125,Positive,Yes,True,132.3,80.0,1.7,40,False,18.4,0.0,0.0,40,True,99.7,60.0,1.7,40,False,29.1,31.0,0.9,60,True,172.8,119.0,1.5,60
2021-10-27_NABITA002.39_3,NBSC20273,Positive,250,Positive,Yes,True,167.0,82.0,2.0,40,True,145.8,82.0,1.8,40,True,126.1,59.0,2.1,40,True,187.1,59.0,3.2,60,False,13.1,0.0,0.0,60
2021-10-27_NABITA002.39_4,NBSC20275,Positive,500,Positive,Yes,True,188.0,105.0,1.8,40,True,69.4,73.0,1.0,40,True,180.7,110.0,1.6,40,True,276.6,139.0,2.0,60,True,236.4,108.0,2.2,60
2021-10-27_NABITA002.39_5,NBSC20277,Negative,0,Negative,Yes,True,185.9,126.0,1.5,40,False,13.8,0.0,0.0,40,False,33.1,0.0,0.0,40,False,30.3,0.0,0.0,60,False,23.8,0.0,0.0,60
2021-10-27_NABITA004.23_1,NBSC20270,Positive,62.5,Positive,Yes,True,112.6,128.0,0.9,40,False,14.7,0.0,0.0,40,True,118.5,82.0,1.4,40,False,12.9,0.0,0.0,60,False,14.4,0.0,0.0,60
2021-10-27_NABITA004.23_2,NBSC20272,Positive,125,Positive,Yes,True,99.6,71.0,1.4,40,False,9.3,0.0,0.0,40,True,148.3,68.0,2.2,40,False,25.6,0.0,0.0,60,False,12.4,0.0,0.0,60
2021-10-27_NABITA004.23_3,NBSC20274,Positive,250,Positive,Yes,True,100.7,78.0,1.3,40,True,93.8,59.0,1.6,40,True,116.5,69.0,1.7,40,True,128.5,65.0,2.0,60,True,121.4,68.0,1.8,60
2021-10-27_NABITA004.23_4,NBSC20276,Positive,500,Positive,Yes,True,152.4,90.0,1.7,40,True,91.8,58.0,1.6,40,True,123.5,73.0,1.7,40,True,135.3,58.0,2.3,60,True,115.0,48.0,2.4,60
2021-10-27_NABITA004.23_5,NBSC20278,Negative,0,Negative,Yes,True,140.2,69.0,2.0,40,False,8.3,0.0,0.0,40,False,7.4,0.0,0.0,40,False,13.3,0.0,0.0,60,False,14.0,0.0,0.0,60
2021-11-01_NABITA002.39_1,NBSC20248,Positive,"7,650",Positive,Yes,True,171.3,108.0,1.6,40,True,157.7,88.0,1.8,40,True,133.1,62.0,2.1,40,True,218.0,73.0,3.0,60,True,224.5,120.0,1.9,60
2021-11-05_NABITA002.39_1,INSC20047,Positive,"7,650",Positive,Yes,True,158.7,88.0,1.8,40,True,144.6,93.0,1.6,40,True,195.2,93.0,2.1,40,True,229.1,74.0,3.1,60,True,161.3,59.0,2.7,60
2021-11-05_NABITA002.39_2,INSC20064,Negative,0,Negative,Yes,True,145.0,64.0,2.3,40,False,17.7,0.0,0.0,40,False,15.0,0.0,0.0,40,False,22.6,0.0,0.0,60,False,36.7,0.0,0.0,60
2021-11-16_NABITA002.39_1,INSC20041,Positive,3.9,Negative,No,True,154.4,72.0,2.1,40,False,22.0,0.0,0.0,40,False,27.6,0.0,0.0,40,False,15.6,0.0,0.0,60,False,24.7,20.0,1.2,60
2021-11-16_NABITA002.39_2,INSC20044,Positive,15.6,Negative,No,True,123.9,75.0,1.7,40,False,9.3,0.0,0.0,40,False,21.1,0.0,0.0,40,False,19.0,0.0,0.0,60,False,21.7,0.0,0.0,60
2021-11-16_NABITA002.39_3,INSC20048,Positive,62.5,Positive,Yes,True,166.2,78.0,2.1,40,True,77.3,60.0,1.3,40,False,15.5,0.0,0.0,40,False,34.3,0.0,0.0,60,True,196.7,72.0,2.7,60
2021-11-16_NABITA002.39_4,INSC20051,Negative,0,Negative,Yes,True,138.7,67.0,2.1,40,False,22.0,0.0,0.0,40,False,15.0,0.0,0.0,40,False,34.3,0.0,0.0,60,False,19.0,0.0,0.0,60
2021-11-16_NABITA003.38_1,INSC20042,Positive,3.9,Negative,No,True,98.9,94.0,1.1,40,False,17.3,0.0,0.0,40,False,19.1,0.0,0.0,40,False,20.2,0.0,0.0,60,False,20.4,0.0,0.0,60
2021-11-16_NABITA003.38_2,INSC20045,Positive,15.6,Positive,Yes,True,116.3,101.0,1.2,40,True,76.0,58.0,1.3,40,True,106.7,58.0,1.8,40,False,33.5,0.0,0.0,60,False,17.4,0.0,0.0,60
2021-11-16_NABITA003.38_3,INSC20049,Positive,62.5,Positive,Yes,True,127.2,77.0,1.7,40,False,15.3,0.0,0.0,40,False,15.6,0.0,0.0,40,False,43.6,0.0,0.0,60,True,330.3,121.0,2.7,60
2021-11-16_NABITA003.38_4,INSC20052,Negative,0,Negative,Yes,True,90.7,60.0,1.5,40,False,15.5,0.0,0.0,40,False,15.9,0.0,0.0,40,False,26.0,0.0,0.0,60,False,42.2,0.0,0.0,60
2021-11-16_NABITA004.23_1,INSC20043,Positive,3.9,Negative,No,True,125.8,80.0,1.6,40,False,13.3,0.0,0.0,40,False,27.3,0.0,0.0,40,False,21.4,0.0,0.0,60,False,24.6,0.0,0.0,60
2021-11-16_NABITA004.23_2,INSC20046,Positive,15.6,Negative,No,True,150.1,71.0,2.1,40,False,11.4,0.0,0.0,40,False,26.6,0.0,0.0,40,False,14.3,0.0,0.0,60,False,15.6,0.0,0.0,60
2021-11-16_NABITA004.23_3,INSC20050,Positive,62.5,Positive,Yes,True,168.2,87.0,1.9,40,True,127.0,106.0,1.2,40,True,143.8,99.0,1.5,40,True,135.5,56.0,2.4,60,False,11.0,0.0,0.0,60
2021-11-16_NABITA004.23_4,INSC20053,Negative,0,Negative,Yes,True,129.1,44.0,2.9,40,False,9.5,0.0,0.0,40,False,13.9,0.0,0.0,40,False,17.0,0.0,0.0,60,False,12.9,0.0,0.0,60
2021-11-17_NABITA002.39_1,INSC20054,Positive,3.9,Negative,No,True,133.9,89.0,1.5,40,False,18.6,0.0,0.0,40,False,12.0,0.0,0.0,40,False,13.3,0.0,0.0,60,False,43.6,0.0,0.0,60
2021-11-17_NABITA002.39_2,INSC20057,Positive,15.6,Negative,No,True,201.8,87.0,2.3,40,False,14.6,0.0,0.0,40,False,37.8,0.0,0.0,40,False,35.2,0.0,0.0,60,False,40.0,0.0,0.0,60
2021-11-17_NABITA002.39_3,INSC20060,Positive,62.5,Positive,Yes,True,193.2,95.0,2.0,40,True,114.5,103.0,1.1,40,False,38.3,0.0,0.0,40,True,368.9,107.0,3.4,60,False,40.1,0.0,0.0,60
2021-11-17_NABITA002.39_4,INSC20063,Negative,0,Negative,Yes,True,111.6,56.0,2.0,40,False,20.5,0.0,0.0,40,False,22.2,0.0,0.0,40,False,44.0,0.0,0.0,60,False,26.9,0.0,0.0,60
2021-11-17_NABITA003.38_1,INSC20055,Positive,3.9,Positive,Yes,True,126.7,63.0,2.0,40,False,8.6,0.0,0.0,40,False,9.2,0.0,0.0,40,True,186.2,87.0,2.1,60,False,35.1,0.0,0.0,60
2021-11-17_NABITA003.38_2,INSC20058,Positive,15.6,Negative,No,True,138.7,131.0,1.1,40,False,23.4,0.0,0.0,40,False,12.3,0.0,0.0,40,False,29.5,0.0,0.0,60,False,19.2,0.0,0.0,60
2021-11-17_NABITA003.38_3,INSC20061,Positive,62.5,Positive,Yes,True,82.4,73.0,1.1,40,True,75.8,84.0,0.9,40,True,125.1,83.0,1.5,40,True,75.5,76.0,1.0,60,False,25.4,0.0,0.0,60
2021-11-17_NABITA003.38_4,INSC20065,Negative,0,Invalid,Yes,False,59.8,0.0,0.0,40,False,19.8,0.0,0.0,40,False,11.6,0.0,0.0,40,False,42.6,0.0,0.0,60,False,26.6,0.0,0.0,60
2021-11-17_NABITA004.23_1,INSC20056,Positive,3.9,Negative,No,True,132.6,75.0,1.8,40,False,8.0,0.0,0.0,40,False,6.3,0.0,0.0,40,False,21.8,0.0,0.0,60,False,17.4,0.0,0.0,60
2021-11-17_NABITA004.23_2,INSC20059,Positive,15.6,Positive,Yes,True,123.9,73.0,1.7,40,False,24.3,0.0,0.0,40,True,149.8,107.0,1.4,40,False,16.5,0.0,0.0,60,False,15.3,0.0,0.0,60
2021-11-17_NABITA004.23_3,INSC20062,Positive,62.5,Positive,Yes,True,103.4,114.0,0.9,40,False,12.5,0.0,0.0,40,True,76.9,61.0,1.3,40,False,22.3,0.0,0.0,60,False,16.6,0.0,0.0,60
2021-11-17_NABITA004.23_4,INSC20066,Negative,0,Negative,Yes,True,130.2,71.0,1.8,40,False,16.0,0.0,0.0,40,False,15.4,0.0,0.0,40,False,11.8,0.0,0.0,60,False,16.9,0.0,0.0,60
2021-11-22_NABITA003.38_1,INSC20077,Positive,"7,650",Positive,Yes,True,59.1,55.0,1.1,40,False,34.0,36.0,0.9,40,True,111.9,101.0,1.1,40,True,148.8,82.0,1.8,60,True,112.9,67.0,1.7,60
2021-11-22_NABITA003.38_2,INSC20097,Negative,0,Negative,Yes,True,94.6,63.0,1.5,40,False,21.8,0.0,0.0,40,False,15.7,0.0,0.0,40,False,28.0,0.0,0.0,60,False,47.7,0.0,0.0,60
2021-11-23_NABITA002.39_1,INSC20071,Positive,1.95,Negative,No,True,170.6,110.0,1.6,40,False,9.9,0.0,0.0,40,False,26.1,0.0,0.0,40,False,14.4,14.0,1.0,60,False,20.5,0.0,0.0,60
2021-11-23_NABITA002.39_2,INSC20074,Positive,3.9,Negative,No,True,123.1,74.0,1.7,40,False,15.3,0.0,0.0,40,False,19.1,0.0,0.0,40,False,32.4,34.0,1.0,60,False,26.3,0.0,0.0,60
2021-11-23_NABITA002.39_3,INSC20078,Positive,7.8,Positive,Yes,True,105.1,74.0,1.4,40,False,11.7,0.0,0.0,40,False,17.3,0.0,0.0,40,False,16.4,0.0,0.0,60,True,100.5,48.0,2.1,60
2021-11-23_NABITA002.39_4,INSC20081,Positive,15.6,Negative,No,True,171.0,95.0,1.8,40,False,21.7,0.0,0.0,40,False,11.6,0.0,0.0,40,False,37.6,0.0,0.0,60,False,26.5,0.0,0.0,60
2021-11-23_NABITA002.39_5,INSC20084,Positive,31.3,Negative,No,True,142.3,68.0,2.1,40,False,19.5,0.0,0.0,40,False,12.3,0.0,0.0,40,False,19.0,0.0,0.0,60,False,10.9,0.0,0.0,60
2021-11-23_NABITA002.39_6,INSC20087,Positive,46.9,Negative,No,True,111.6,75.0,1.5,40,False,12.0,0.0,0.0,40,False,29.3,0.0,0.0,40,False,26.6,0.0,0.0,60,False,10.0,0.0,0.0,60
2021-11-23_NABITA002.39_7,INSC20090,Positive,62.5,Positive,Yes,True,134.8,70.0,1.9,40,True,115.9,59.0,2.0,40,False,12.7,0.0,0.0,40,False,14.3,0.0,0.0,60,False,12.9,0.0,0.0,60
2021-11-23_NABITA002.39_8,INSC20093,Negative,0,Negative,Yes,True,145.7,54.0,2.7,40,False,19.0,0.0,0.0,40,False,12.4,0.0,0.0,40,False,11.0,0.0,0.0,60,False,23.7,0.0,0.0,60
2021-11-23_NABITA003.38_1,INSC20072,Positive,1.95,Invalid,Invalid,False,32.1,0.0,0.0,40,False,11.0,0.0,0.0,40,False,8.7,0.0,0.0,40,False,26.7,0.0,0.0,60,False,17.4,0.0,0.0,60
2021-11-23_NABITA003.38_2,INSC20075,Positive,3.9,Negative,No,True,81.3,56.0,1.5,40,False,8.6,0.0,0.0,40,False,9.1,0.0,0.0,40,False,52.7,62.0,0.8,60,False,24.0,0.0,0.0,60
2021-11-23_NABITA003.38_3,INSC20079,Positive,7.8,Invalid,No,False,38.6,44.0,0.9,40,False,8.9,0.0,0.0,40,False,12.9,0.0,0.0,40,False,33.6,0.0,0.0,60,False,10.7,0.0,0.0,60
2021-11-23_NABITA003.38_4,INSC20082,Positive,15.6,Negative,No,True,106.8,73.0,1.5,40,False,10.1,0.0,0.0,40,False,23.0,0.0,0.0,40,False,35.3,0.0,0.0,60,False,24.6,0.0,0.0,60
2021-11-23_NABITA003.38_5,INSC20085,Positive,31.3,Positive,Yes,True,74.6,73.0,1.0,40,False,13.8,0.0,0.0,40,True,110.8,68.0,1.6,40,False,45.4,0.0,0.0,60,False,23.7,0.0,0.0,60
2021-11-23_NABITA003.38_6,INSC20088,Positive,46.9,Positive,Yes,True,112.3,84.0,1.3,40,True,88.3,65.0,1.4,40,False,22.5,0.0,0.0,40,False,37.2,0.0,0.0,60,False,25.1,0.0,0.0,60
2021-11-23_NABITA003.38_7,INSC20091,Positive,62.5,Positive,Yes,True,92.2,85.0,1.1,40,True,72.1,59.0,1.2,40,True,97.4,60.0,1.6,40,False,17.9,0.0,0.0,60,True,201.1,64.0,3.1,60
2021-11-23_NABITA003.38_8,INSC20094,Negative,0,Negative,Yes,True,136.1,108.0,1.3,40,False,10.3,0.0,0.0,40,False,13.5,0.0,0.0,40,False,25.8,0.0,0.0,60,False,25.9,0.0,0.0,60
2021-11-23_NABITA003.38_9,INSC20096,Positive,1.95,Negative,No,True,139.4,90.0,1.5,40,False,19.0,0.0,0.0,40,False,24.7,0.0,0.0,40,False,18.9,0.0,0.0,60,False,31.2,0.0,0.0,60
2021-11-23_NABITA004.23_1,INSC20073,Positive,1.95,Negative,No,True,146.3,105.0,1.4,40,False,19.1,0.0,0.0,40,False,27.8,0.0,0.0,40,False,28.3,0.0,0.0,60,False,15.9,0.0,0.0,60
2021-11-23_NABITA004.23_2,INSC20076,Positive,3.9,Negative,No,True,90.9,62.0,1.5,40,False,20.2,0.0,0.0,40,False,20.7,0.0,0.0,40,False,20.8,0.0,0.0,60,False,16.4,0.0,0.0,60
2021-11-23_NABITA004.23_3,INSC20080,Positive,7.8,Negative,No,True,102.8,64.0,1.6,40,False,9.7,0.0,0.0,40,False,13.0,0.0,0.0,40,False,23.3,0.0,0.0,60,False,9.6,0.0,0.0,60
2021-11-23_NABITA004.23_4,INSC20083,Positive,15.6,Positive,Yes,True,79.2,69.0,1.1,40,False,13.5,0.0,0.0,40,True,119.9,68.0,1.8,40,False,18.5,0.0,0.0,60,False,17.8,0.0,0.0,60
2021-11-23_NABITA004.23_5,INSC20086,Positive,31.3,Positive,Yes,True,104.0,67.0,1.6,40,False,12.8,0.0,0.0,40,True,54.1,51.0,1.1,40,False,15.3,0.0,0.0,60,False,17.3,0.0,0.0,60
2021-11-23_NABITA004.23_6,INSC20089,Positive,46.9,Positive,Yes,True,93.1,70.0,1.3,40,False,10.5,0.0,0.0,40,True,88.2,60.0,1.5,40,False,17.6,0.0,0.0,60,False,13.7,0.0,0.0,60
2021-11-23_NABITA004.23_7,INSC20092,Positive,62.5,Positive,Yes,True,112.0,70.0,1.6,40,False,11.6,0.0,0.0,40,True,79.0,57.0,1.4,40,False,15.1,0.0,0.0,60,True,115.0,51.0,2.3,60
2021-11-23_NABITA004.23_8,INSC20095,Negative,0,Negative,Yes,True,102.2,63.0,1.6,40,False,18.6,0.0,0.0,40,False,17.2,0.0,0.0,40,False,26.9,31.0,0.9,60,False,29.2,0.0,0.0,60
2021-11-29_NABITA004.23_1,INSC20107,Positive,"7,650",Positive,Yes,True,107.5,97.0,1.1,40,True,87.6,83.0,1.1,40,True,123.6,116.0,1.1,40,True,124.2,74.0,1.7,60,True,132.5,82.0,1.6,60
2021-11-29_NABITA004.23_2,INSC20124,Negative,0,Negative,Yes,True,102.7,62.0,1.7,40,False,8.1,0.0,0.0,40,False,10.9,0.0,0.0,40,False,16.1,0.0,0.0,60,False,18.0,0.0,0.0,60
2021-12-01_NABITA002.39_1,INSC20101,Positive,1.49,Negative,No,True,133.5,84.0,1.6,40,False,20.4,0.0,0.0,40,False,11.1,0.0,0.0,40,False,33.7,0.0,0.0,60,False,18.4,0.0,0.0,60
2021-12-01_NABITA002.39_2,INSC20104,Positive,2.99,Negative,No,True,122.7,88.0,1.4,40,False,10.8,0.0,0.0,40,False,17.5,0.0,0.0,40,False,42.4,0.0,0.0,60,False,23.4,0.0,0.0,60
2021-12-01_NABITA002.39_3,INSC20108,Positive,5.98,Positive,Yes,True,126.6,76.0,1.7,40,True,76.5,51.0,1.5,40,False,11.2,0.0,0.0,40,False,23.1,0.0,0.0,60,False,24.4,0.0,0.0,60
2021-12-01_NABITA002.39_4,INSC20111,Positive,11.95,Positive,Yes,True,149.0,71.0,2.1,40,True,102.8,63.0,1.6,40,False,11.1,0.0,0.0,40,False,32.7,0.0,0.0,60,False,18.8,0.0,0.0,60
2021-12-01_NABITA002.39_5,INSC20114,Positive,23.9,Positive,Yes,True,125.0,90.0,1.4,40,True,69.4,81.0,0.9,40,False,27.9,0.0,0.0,40,True,136.8,101.0,1.4,60,False,12.4,0.0,0.0,60
2021-12-01_NABITA002.39_6,INSC20117,Positive,47.8,Negative,No,True,156.7,137.0,1.1,40,False,12.0,0.0,0.0,40,False,29.6,0.0,0.0,40,False,18.1,0.0,0.0,60,False,22.9,0.0,0.0,60
2021-12-01_NABITA002.39_7,INSC20120,Positive,95.6,Positive,Yes,True,162.0,108.0,1.5,40,True,141.3,120.0,1.2,40,False,32.9,0.0,0.0,40,False,27.2,0.0,0.0,60,False,16.2,0.0,0.0,60
2021-12-01_NABITA002.39_8,INSC20127,Negative,0,Negative,Yes,True,132.4,72.0,1.8,40,False,18.4,0.0,0.0,40,False,11.5,0.0,0.0,40,False,22.4,0.0,0.0,60,False,15.2,0.0,0.0,60
2021-12-01_NABITA002.39_9,INSC20128,Positive,47.8,Negative,Yes,True,140.1,77.0,1.8,40,False,14.7,0.0,0.0,40,False,11.9,0.0,0.0,40,False,15.2,0.0,0.0,60,False,15.4,0.0,0.0,60
2021-12-01_NABITA003.38_1,INSC20102,Positive,1.49,Negative,No,True,106.4,102.0,1.0,40,False,12.1,0.0,0.0,40,False,12.3,0.0,0.0,40,False,18.1,0.0,0.0,60,False,16.2,0.0,0.0,60
2021-12-01_NABITA003.38_2,INSC20105,Positive,2.99,Positive,Yes,True,118.5,103.0,1.2,40,False,18.2,0.0,0.0,40,False,12.3,0.0,0.0,40,False,35.6,40.0,0.9,60,True,242.4,117.0,2.1,60
2021-12-01_NABITA003.38_3,INSC20109,Positive,5.98,Negative,No,True,113.5,102.0,1.1,40,False,15.6,0.0,0.0,40,False,12.6,0.0,0.0,40,False,14.5,0.0,0.0,60,False,20.3,0.0,0.0,60
2021-12-01_NABITA003.38_4,INSC20112,Positive,11.95,Negative,No,True,61.2,64.0,1.0,40,False,7.1,0.0,0.0,40,False,18.5,0.0,0.0,40,False,21.0,0.0,0.0,60,False,24.4,0.0,0.0,60
2021-12-01_NABITA003.38_5,INSC20115,Positive,23.9,Positive,Yes,True,92.1,67.0,1.4,40,False,16.4,0.0,0.0,40,True,82.9,58.0,1.4,40,False,31.6,0.0,0.0,60,False,25.9,0.0,0.0,60
2021-12-01_NABITA003.38_6,INSC20118,Positive,47.8,Positive,Yes,True,75.2,83.0,0.9,40,True,71.2,58.0,1.2,40,True,112.0,67.0,1.7,40,False,36.2,0.0,0.0,60,True,272.2,118.0,2.3,60
2021-12-01_NABITA003.38_7,INSC20121,Positive,95.6,Positive,Yes,True,108.9,79.0,1.4,40,True,70.2,56.0,1.3,40,True,87.9,63.0,1.4,40,True,251.3,109.0,2.3,60,True,274.8,119.0,2.3,60
2021-12-01_NABITA003.38_8,INSC20125,Negative,0,Negative,Yes,True,124.6,98.0,1.3,40,False,8.9,0.0,0.0,40,False,18.8,0.0,0.0,40,False,23.2,0.0,0.0,60,False,21.8,0.0,0.0,60
2021-12-01_NABITA004.23_1,INSC20103,Positive,1.49,Negative,No,True,100.0,105.0,1.0,40,False,16.6,0.0,0.0,40,False,11.5,0.0,0.0,40,False,18.2,0.0,0.0,60,False,15.1,0.0,0.0,60
2021-12-01_NABITA004.23_2,INSC20106,Positive,2.99,Negative,No,True,96.7,77.0,1.3,40,False,6.5,0.0,0.0,40,False,9.7,0.0,0.0,40,False,21.2,0.0,0.0,60,False,33.8,0.0,0.0,60
2021-12-01_NABITA004.23_3,INSC20110,Positive,5.98,Negative,No,True,144.3,87.0,1.7,40,False,10.2,0.0,0.0,40,False,18.6,0.0,0.0,40,False,24.3,0.0,0.0,60,False,22.7,0.0,0.0,60
2021-12-01_NABITA004.23_4,INSC20113,Positive,11.95,Negative,No,True,139.8,76.0,1.8,40,False,25.1,0.0,0.0,40,False,21.2,0.0,0.0,40,False,23.5,0.0,0.0,60,False,18.4,0.0,0.0,60
2021-12-01_NABITA004.23_5,INSC20116,Positive,23.9,Positive,Yes,True,101.5,106.0,1.0,40,True,96.1,96.0,1.0,40,True,139.8,94.0,1.5,40,False,15.3,0.0,0.0,60,False,24.1,0.0,0.0,60
2021-12-01_NABITA004.23_6,INSC20119,Positive,47.8,Positive,Yes,True,70.6,56.0,1.3,40,False,38.8,34.0,1.1,40,True,171.4,121.0,1.4,40,False,25.7,0.0,0.0,60,False,25.0,0.0,0.0,60
2021-12-01_NABITA004.23_7,INSC20122,Positive,95.6,Positive,Yes,True,59.9,61.0,1.0,40,True,46.8,44.0,1.1,40,True,48.9,45.0,1.1,40,True,104.5,83.0,1.3,60,True,94.7,70.0,1.4,60
2021-12-01_NABITA004.23_8,INSC20126,Negative,0,Negative,Yes,True,81.2,57.0,1.4,40,False,16.3,0.0,0.0,40,False,12.6,0.0,0.0,40,False,18.4,0.0,0.0,60,False,20.4,0.0,0.0,60
2021-12-07_NABITA002.39_1,NBSC20284,Negative,0,Negative,No,True,79.1,77.0,1.0,40,False,18.8,0.0,0.0,40,False,8.1,0.0,0.0,40,False,48.3,40.0,1.2,60,False,8.4,0.0,0.0,60
2021-12-07_NABITA002.39_2,NBSC20293,Negative,0,Negative,Yes,True,47.1,47.0,1.0,40,False,2.7,0.0,0.0,40,False,4.4,0.0,0.0,40,False,9.5,0.0,0.0,60,False,1.2,0.0,0.0,60
2021-12-07_NABITA002.39_3,NBSC20281,Negative,0,Negative,Yes,True,66.8,59.0,1.1,40,False,7.8,0.0,0.0,40,False,8.6,0.0,0.0,40,False,6.1,0.0,0.0,60,False,4.7,0.0,0.0,60
2021-12-07_NABITA004.25_1,INSC20067,Positive,"7,650",Positive,NA,True,141.5,81.0,1.7,40,True,119.4,75.0,1.6,40,True,155.9,113.0,1.4,40,True,149.4,90.0,1.7,60,True,176.2,82.0,2.1,60
2021-12-07_NABITA004.25_2,INSC20068,Gene N,"24,000",Positive,NA,True,160.9,84.0,1.9,40,True,96.1,65.0,1.5,40,True,57.8,54.0,1.1,40,False,29.1,0.0,0.0,60,False,32.4,0.0,0.0,60
2021-12-08_NABITA004.25_1,INSC20069,Positive,"7,650",Positive,NA,True,155.9,90.0,1.7,40,True,92.7,52.0,1.8,40,True,101.1,80.0,1.3,40,True,173.0,89.0,1.9,60,True,141.3,59.0,2.4,60
2021-12-08_NABITA004.25_2,INSC20129,Positive,"7,650",Positive,NA,True,103.6,69.0,1.5,40,True,48.4,33.0,1.5,40,True,75.9,37.0,2.1,40,True,94.2,39.0,2.4,60,True,67.0,45.0,1.5,60
2021-12-08_NABITA004.25_3,INSC20070,Negative,0,Negative,NA,True,123.4,91.0,1.4,40,False,9.0,0.0,0.0,40,False,8.6,0.0,0.0,40,False,18.1,0.0,0.0,60,False,18.4,0.0,0.0,60
2021-12-09_NABITA002.40_1,INSC20099,Positive,"7,650",Positive,Yes,True,161.8,106.0,1.5,40,True,89.1,77.0,1.2,40,True,130.9,91.0,1.4,40,True,290.9,106.0,2.7,60,True,124.2,84.0,1.5,60
2021-12-09_NABITA002.40_2,INSC20100,Gene N,"24,000",Positive,Yes,True,137.4,67.0,2.1,40,True,76.4,60.0,1.3,40,False,12.6,0.0,0.0,40,False,18.2,0.0,0.0,60,False,14.4,0.0,0.0,60
2021-12-09_NABITA002.40_3,INSC20130,Negative,0,Negative,Yes,True,155.6,78.0,2.0,40,False,19.5,0.0,0.0,40,False,12.6,0.0,0.0,40,False,29.2,0.0,0.0,60,False,27.9,0.0,0.0,60
2021-12-10_NABITA002.40_1,NBSC20282,Positive,"100,000",Positive,Yes,True,84.5,73.0,1.2,40,True,46.1,49.0,0.9,40,True,86.5,57.0,1.5,40,False,12.0,0.0,0.0,60,True,102.0,65.0,1.6,60
2021-12-10_NABITA002.40_2,NBSC20283,Positive,"100,000",Positive,Yes,True,79.7,64.0,1.2,40,True,40.2,44.0,0.9,40,True,192.6,96.0,2.0,40,True,202.6,95.0,2.1,60,True,81.2,47.0,1.7,60
2021-12-13_NABITA003.39_1,NBSC20291,Positive,"7,650",Positive,Yes,True,73.9,71.0,1.0,40,True,99.6,63.0,1.6,40,True,102.9,114.0,0.9,40,True,409.5,97.0,4.2,60,True,203.5,83.0,2.5,60
2021-12-13_NABITA003.39_2,NBSC20292,Negative,0,Invalid,Invalid,False,30.7,0.0,0.0,40,False,5.4,0.0,0.0,40,False,6.0,0.0,0.0,40,False,7.6,0.0,0.0,60,False,14.7,0.0,0.0,60
2021-12-13_NABITA003.39_3,NBSC20294,Gene N,"24,000",Invalid,Invalid,False,37.5,0.0,0.0,40,True,72.8,84.0,0.9,40,True,41.4,42.0,1.0,40,False,11.1,0.0,0.0,60,False,15.2,0.0,0.0,60
2021-12-13_NABITA004.26_1,NBSC20298,Positive,"7,650",Positive,No,True,49.7,58.0,0.9,40,True,44.6,47.0,0.9,40,False,33.3,39.0,0.9,40,False,9.9,0.0,0.0,60,False,5.0,0.0,0.0,60
2021-12-21_NABITA003.39_1,INSC20153,Negative,0,Positive,NA,True,91.0,52.0,1.8,40,False,16.6,0.0,0.0,40,False,16.3,0.0,0.0,40,True,84.2,17.0,5.0,60,True,93.5,23.0,4.1,60
2021-12-21_NABITA003.39_2,INSC20154,Negative,0,Negative,Yes,True,122.5,57.0,2.1,40,False,8.2,0.0,0.0,40,False,19.0,0.0,0.0,40,False,56.8,0.0,0.0,60,False,45.2,0.0,0.0,60
2022-01-10_NABITA004.26_1,INSC20134,Positive,"7,650",Positive,Yes,True,67.5,58.0,1.2,40,True,88.2,69.0,1.3,40,True,83.1,69.0,1.2,40,False,53.1,42.0,1.3,60,True,64.9,43.0,1.5,60
2022-01-10_NABITA004.26_2,INSC20151,Negative,0,Negative,Yes,True,51.0,54.0,0.9,40,False,10.5,0.0,0.0,40,False,9.6,0.0,0.0,40,False,14.5,0.0,0.0,60,False,5.9,0.0,0.0,60
2022-01-11_NABITA004.26_1,INSC20131,Positive,"7,650",Positive,NA,True,73.7,59.0,1.2,40,True,123.4,79.0,1.6,40,True,98.1,51.0,1.9,40,False,13.8,0.0,0.0,60,True,119.5,61.0,2.0,60
2022-01-11_NABITA004.26_2,INSC20132,Positive,"7,650",Positive,NA,True,131.6,73.0,1.8,40,False,8.2,0.0,0.0,40,True,138.8,65.0,2.1,40,True,139.9,78.0,1.8,60,True,142.5,81.0,1.8,60
2022-01-11_NABITA004.26_3,INSC20133,Negative,0,Invalid,NA,False,-1.0,0.0,0.0,40,False,3.2,0.0,0.0,40,False,-0.8,0.0,0.0,40,False,-1.3,0.0,0.0,60,False,-1.6,0.0,0.0,60
2022-01-12_NABITA004.26_1,INSC20165,Positive,"7,650",Positive,Yes,True,173.7,109.0,1.6,40,True,61.7,68.0,0.9,40,True,108.6,73.0,1.5,40,True,98.8,52.0,1.9,60,True,193.5,76.0,2.5,60
2022-01-12_NABITA004.26_2,INSC20187,Negative,0,Negative,Yes,True,135.8,76.0,1.8,40,False,12.4,0.0,0.0,40,False,15.4,0.0,0.0,40,False,16.4,0.0,0.0,60,False,20.8,0.0,0.0,60
2022-01-13_NABITA004.26_1,INSC20184,Positive,23.9,Negative,No,True,105.7,79.0,1.3,40,False,11.6,0.0,0.0,40,False,12.9,0.0,0.0,40,False,9.4,0.0,0.0,60,False,10.4,0.0,0.0,60
2022-01-13_NABITA004.26_2,INSC20171,Positive,23.9,Negative,No,True,69.5,66.0,1.1,40,False,8.9,0.0,0.0,40,False,7.4,0.0,0.0,40,False,14.9,0.0,0.0,60,False,9.7,0.0,0.0,60
2022-01-13_NABITA004.26_3,INSC20181,Positive,23.9,Positive,Yes,True,82.7,71.0,1.2,40,False,12.6,0.0,0.0,40,True,70.3,73.0,1.0,40,False,14.6,0.0,0.0,60,False,10.0,0.0,0.0,60
2022-01-13_NABITA004.26_4,INSC20157,Positive,50,Negative,No,True,88.9,69.0,1.3,40,False,10.9,0.0,0.0,40,False,23.5,0.0,0.0,40,False,23.3,0.0,0.0,60,False,17.0,0.0,0.0,60
2022-01-13_NABITA004.26_5,INSC20162,Positive,50,Negative,No,True,161.7,109.0,1.5,40,False,11.8,0.0,0.0,40,False,28.3,20.0,1.4,40,False,10.2,0.0,0.0,60,False,13.7,0.0,0.0,60
2022-01-13_NABITA004.26_6,INSC20156,Positive,50,Negative,No,True,85.6,76.0,1.1,40,False,7.3,0.0,0.0,40,False,9.8,0.0,0.0,40,False,39.5,0.0,0.0,60,False,20.0,0.0,0.0,60
2022-01-14_NABITA002.40_1,INSC20136,Positive,"7,650",Positive,Yes,True,85.4,65.0,1.3,40,True,49.7,40.0,1.2,40,True,76.7,56.0,1.4,40,True,117.4,60.0,2.0,60,True,76.7,44.0,1.7,60
2022-01-14_NABITA002.40_2,INSC20138,Negative,0,Negative,Yes,True,101.0,83.0,1.2,40,False,11.5,0.0,0.0,40,False,16.9,0.0,0.0,40,False,9.8,0.0,0.0,60,False,9.7,0.0,0.0,60
2022-01-14_NABITA002.40_3,INSC20160,Positive,60,Positive,Yes,True,152.8,92.0,1.7,40,True,108.7,73.0,1.5,40,True,146.0,98.0,1.5,40,True,283.2,94.0,3.0,60,True,156.9,92.0,1.7,60
2022-01-14_NABITA002.40_4,INSC20169,Positive,60,Positive,Yes,True,161.0,79.0,2.0,40,False,12.9,0.0,0.0,40,True,104.9,93.0,1.1,40,False,22.4,0.0,0.0,60,False,12.7,0.0,0.0,60
2022-01-14_NABITA002.40_5,INSC20173,Positive,60,Positive,Yes,True,131.1,80.0,1.6,40,False,12.6,0.0,0.0,40,True,116.6,65.0,1.8,40,False,20.2,0.0,0.0,60,False,19.0,0.0,0.0,60
2022-01-14_NABITA002.40_6,INSC20174,Positive,60,Positive,No,True,157.9,76.0,2.1,40,False,15.8,0.0,0.0,40,False,27.5,0.0,0.0,40,True,66.0,65.0,1.0,60,False,23.3,0.0,0.0,60
2022-01-14_NABITA002.40_7,INSC20176,Positive,60,Positive,Yes,True,138.6,70.0,2.0,40,False,13.4,0.0,0.0,40,False,18.6,0.0,0.0,40,True,196.0,58.0,3.4,60,False,13.1,0.0,0.0,60
2022-01-14_NABITA002.40_8,INSC20178,Positive,60,Positive,Yes,True,135.8,81.0,1.7,40,False,17.2,0.0,0.0,40,True,152.9,85.0,1.8,40,False,25.0,28.0,0.9,60,False,26.3,0.0,0.0,60
2022-01-14_NABITA004.26_1,INSC20158,Positive,60,Positive,Yes,True,57.4,59.0,1.0,40,True,44.1,40.0,1.1,40,False,9.2,0.0,0.0,40,False,14.2,0.0,0.0,60,False,10.9,0.0,0.0,60
2022-01-14_NABITA004.26_10,INSC20170,Positive,60,Positive,Yes,True,141.9,70.0,2.0,40,True,99.2,72.0,1.4,40,False,15.6,0.0,0.0,40,False,19.2,0.0,0.0,60,False,24.0,0.0,0.0,60
2022-01-14_NABITA004.26_11,INSC20172,Positive,60,Positive,Yes,True,118.1,97.0,1.2,40,False,11.4,0.0,0.0,40,False,9.9,0.0,0.0,40,True,110.0,88.0,1.3,60,False,14.3,0.0,0.0,60
2022-01-14_NABITA004.26_12,INSC20175,Positive,60,Positive,Yes,True,99.2,75.0,1.3,40,False,12.9,0.0,0.0,40,True,122.7,66.0,1.9,40,False,18.2,0.0,0.0,60,False,12.8,0.0,0.0,60
2022-01-14_NABITA004.26_13,INSC20177,Positive,60,Positive,Yes,True,121.0,76.0,1.6,40,False,9.3,0.0,0.0,40,False,9.3,0.0,0.0,40,False,16.7,0.0,0.0,60,True,123.4,66.0,1.9,60
2022-01-14_NABITA004.26_14,INSC20179,Positive,60,Positive,Yes,True,140.5,89.0,1.6,40,True,136.4,88.0,1.6,40,False,18.0,0.0,0.0,40,False,22.0,0.0,0.0,60,False,14.8,0.0,0.0,60
2022-01-14_NABITA004.26_2,INSC20159,Positive,60,Positive,Yes,True,149.7,75.0,2.0,40,True,44.3,33.0,1.3,40,False,9.1,0.0,0.0,40,False,13.6,0.0,0.0,60,False,14.6,0.0,0.0,60
2022-01-14_NABITA004.26_3,INSC20161,Positive,60,Positive,Yes,True,149.5,94.0,1.6,40,True,66.2,53.0,1.2,40,False,12.7,0.0,0.0,40,False,24.6,0.0,0.0,60,True,126.7,52.0,2.4,60
2022-01-14_NABITA004.26_4,INSC20163,Positive,60,Positive,yes,True,125.9,72.0,1.7,40,True,93.8,72.0,1.3,40,False,15.9,0.0,0.0,40,False,16.5,0.0,0.0,60,True,123.1,76.0,1.6,60
2022-01-14_NABITA004.26_5,INSC20166,Positive,60,Negative,No,True,152.3,109.0,1.4,40,False,10.4,0.0,0.0,40,False,13.3,0.0,0.0,40,False,15.0,0.0,0.0,60,False,18.9,0.0,0.0,60
2022-01-14_NABITA004.26_6,INSC20167,Positive,60,Positive,Yes,True,139.3,108.0,1.3,40,False,11.6,0.0,0.0,40,True,60.5,56.0,1.1,40,True,139.1,70.0,2.0,60,True,125.9,64.0,2.0,60
2022-01-14_NABITA004.26_7,INSC20168,Positive,60,Positive,Yes,True,90.5,60.0,1.5,40,False,14.6,0.0,0.0,40,True,79.4,75.0,1.1,40,False,19.6,0.0,0.0,60,False,22.2,0.0,0.0,60
2022-01-14_NABITA004.26_8,INSC20155,Positive,60,Positive,Yes,True,149.1,69.0,2.2,40,False,17.3,0.0,0.0,40,False,14.9,0.0,0.0,40,True,108.8,73.0,1.5,60,False,23.1,0.0,0.0,60
2022-01-14_NABITA004.26_9,INSC20164,Positive,60,Positive,Yes,True,120.7,70.0,1.7,40,False,11.8,0.0,0.0,40,True,115.3,92.0,1.3,40,False,25.7,0.0,0.0,60,False,13.0,0.0,0.0,60
2022-03-09_NABITA008.2_1,INSC20213,Positive,"7,650",Positive,Yes,True,150.6,99.0,1.5,40,True,139.1,86.0,1.6,40,True,136.4,65.0,2.1,40,True,145.8,61.0,2.4,60,True,222.7,97.0,2.3,60
2022-03-09_NABITA008.2_2,INSC20216,Negative,0,Negative,Yes,True,153.4,80.0,1.9,40,False,24.7,0.0,0.0,40,False,12.5,0.0,0.0,40,False,7.7,0.0,0.0,60,False,18.3,0.0,0.0,60
2022-03-09_NABITA009.3_1,INSC20214,Positive,"7,650",Positive,Yes,True,173.8,95.0,1.8,40,True,212.1,109.0,1.9,40,True,157.0,97.0,1.6,40,True,236.2,67.0,3.5,60,True,169.9,75.0,2.3,60
2022-03-09_NABITA009.3_2,INSC20217,Negative,0,Negative,Yes,True,199.5,75.0,2.7,40,False,28.7,0.0,0.0,40,False,11.6,0.0,0.0,40,False,22.2,0.0,0.0,60,False,32.7,0.0,0.0,60
2022-03-09_NABITA010.3_1,INSC20195,Positive,"7,650",Positive,Yes,True,168.2,105.0,1.6,40,True,124.6,62.0,2.0,40,True,111.9,56.0,2.0,40,True,252.4,73.0,3.5,60,True,266.8,75.0,3.6,60
2022-03-09_NABITA010.3_2,INSC20197,Negative,0,Negative,No,True,178.2,80.0,2.2,40,False,35.1,38.0,0.9,40,False,7.4,0.0,0.0,40,False,13.7,0.0,0.0,60,False,21.6,0.0,0.0,60
2022-03-09_NABITA010.3_3,INSC20200,Gene N,"24,000",Positive,Yes,True,179.7,107.0,1.7,40,True,173.1,109.0,1.6,40,True,96.4,58.0,1.7,40,False,14.8,0.0,0.0,60,False,20.8,0.0,0.0,60
2022-03-09_NABITA010.3_4,INSC20204,Positive,"7,650",Positive,Yes,True,174.4,94.0,1.9,40,True,174.1,95.0,1.8,40,True,120.6,61.0,2.0,40,True,228.4,64.0,3.6,60,True,240.1,77.0,3.1,60
2022-03-09_NABITA010.3_5,INSC20207,Negative,0,Positive,No,True,179.7,84.0,2.1,40,True,89.3,67.0,1.3,40,False,27.4,0.0,0.0,40,False,32.2,0.0,0.0,60,False,39.4,0.0,0.0,60
2022-03-09_NABITA010.3_6,INSC20212,Negative,0,Positive,No,True,178.7,88.0,2.0,40,True,79.2,67.0,1.2,40,False,27.4,0.0,0.0,40,False,35.5,0.0,0.0,60,False,15.6,0.0,0.0,60
2022-03-09_NABITA011.4_1,INSC20196,Positive,"7,650",Positive,Yes,True,126.0,61.0,2.1,40,True,89.4,51.0,1.8,40,True,111.4,71.0,1.6,40,True,247.4,71.0,3.5,60,True,238.4,59.0,4.0,60
2022-03-09_NABITA011.4_2,INSC20198,Negative,0,Negative,Yes,True,148.1,95.0,1.6,40,False,10.0,0.0,0.0,40,False,23.9,0.0,0.0,40,False,18.1,0.0,0.0,60,False,16.8,0.0,0.0,60
2022-03-09_NABITA011.4_3,INSC20202,Gene N,"24,000",Positive,Yes,True,148.2,86.0,1.7,40,True,72.8,59.0,1.2,40,True,73.8,54.0,1.4,40,False,22.9,0.0,0.0,60,False,20.1,0.0,0.0,60
2022-03-09_NABITA011.4_4,INSC20205,Positive,"7,650",Positive,Yes,True,147.5,92.0,1.6,40,True,84.0,59.0,1.4,40,True,95.4,79.0,1.2,40,True,241.3,89.0,2.7,60,True,246.0,72.0,3.4,60
2022-03-09_NABITA011.4_5,INSC20208,Negative,0,Negative,Yes,True,129.7,89.0,1.5,40,False,8.9,0.0,0.0,40,False,18.9,0.0,0.0,40,False,34.1,0.0,0.0,60,False,18.7,0.0,0.0,60
2022-03-09_NABITA012.4_1,INSC20199,Positive,"7,650",Positive,Yes,True,175.4,97.0,1.8,40,True,74.7,66.0,1.1,40,True,94.2,66.0,1.4,40,True,307.3,109.0,2.8,60,True,266.6,82.0,3.3,60
2022-03-09_NABITA012.4_2,INSC20203,Negative,0,Negative,Yes,True,155.8,106.0,1.5,40,False,13.3,0.0,0.0,40,False,10.3,0.0,0.0,40,False,42.6,0.0,0.0,60,False,22.7,0.0,0.0,60
2022-03-09_NABITA012.4_3,INSC20206,Gene N,"24,000",Negative,No,True,150.6,79.0,1.9,40,False,18.1,0.0,0.0,40,False,11.9,0.0,0.0,40,False,21.5,0.0,0.0,60,False,18.9,0.0,0.0,60
2022-03-09_NABITA012.4_4,INSC20209,Positive,"7,650",Positive,Yes,True,203.8,93.0,2.2,40,True,77.5,60.0,1.3,40,True,118.0,72.0,1.6,40,True,286.8,70.0,4.1,60,True,222.8,68.0,3.3,60
2022-03-09_NABITA012.4_5,INSC20211,Negative,0,Negative,Yes,True,142.8,81.0,1.8,40,False,11.8,0.0,0.0,40,False,11.1,0.0,0.0,40,False,23.8,0.0,0.0,60,False,19.0,0.0,0.0,60
2022-03-09_NABITA012.4_6,INSC20210,Gene N,"24,000",Positive,Yes,True,173.4,92.0,1.9,40,True,60.7,66.0,0.9,40,False,10.7,0.0,0.0,40,False,17.4,0.0,0.0,60,False,16.8,0.0,0.0,60
2022-03-09_NABITA012.4_7,INSC20215,Gene N,"24,000",Negative,No,True,133.1,71.0,1.9,40,False,10.9,0.0,0.0,40,False,8.2,0.0,0.0,40,False,29.4,0.0,0.0,60,False,35.1,0.0,0.0,60
2022-03-10_NABITA008.2_1,INSC20218,Gene N,"24,000",Positive,Yes,True,161.4,90.0,1.8,40,True,164.9,95.0,1.7,40,False,26.8,0.0,0.0,40,False,16.4,0.0,0.0,60,False,18.0,0.0,0.0,60
2022-03-10_NABITA008.2_2,INSC20220,Positive,"7,650",Positive,Yes,True,104.2,76.0,1.4,40,True,183.5,89.0,2.1,40,True,116.1,66.0,1.8,40,True,144.7,76.0,1.9,60,True,122.1,51.0,2.4,60
2022-03-10_NABITA008.2_3,INSC20221,Negative,0,Negative,Yes,True,166.5,97.0,1.7,40,False,33.1,0.0,0.0,40,False,37.5,0.0,0.0,40,False,24.2,0.0,0.0,60,False,22.7,0.0,0.0,60
2022-03-10_NABITA009.3_2,INSC20222,Gene N,"24,000",Positive,Yes,True,185.3,86.0,2.2,40,True,132.9,66.0,2.0,40,False,11.8,0.0,0.0,40,False,11.0,0.0,0.0,60,False,16.3,0.0,0.0,60
2022-03-10_NABITA009.3_3,INSC20223,Positive,"7,650",Positive,Yes,True,185.7,99.0,1.9,40,True,106.5,72.0,1.5,40,True,174.3,70.0,2.5,40,True,275.8,95.0,2.9,60,True,237.1,69.0,3.4,60
2022-03-10_NABITA009.3_4,INSC20224,Negative,0,Negative,Yes,True,155.7,86.0,1.8,40,False,15.3,0.0,0.0,40,False,11.7,0.0,0.0,40,False,37.2,0.0,0.0,60,False,13.5,0.0,0.0,60
2022-03-11_NABITA012.4_1,INSC20225,Gene N,"24,000",Positive,Yes,True,172.4,99.0,1.7,40,True,65.8,59.0,1.1,40,True,117.8,61.0,1.9,40,False,30.0,0.0,0.0,60,False,16.9,0.0,0.0,60
2022-03-11_NABITA012.4_2,INSC20226,Gene N,"24,000",Positive,Yes,True,146.4,72.0,2.0,40,True,53.6,58.0,0.9,40,False,17.4,0.0,0.0,40,False,21.6,0.0,0.0,60,False,18.7,0.0,0.0,60
2022-03-15_NABITA013.1_1,INSC20227,Positive,"7,650",Positive,Yes,True,209.3,93.0,2.3,40,True,196.9,86.0,2.3,40,True,147.8,90.0,1.6,40,True,274.8,92.0,3.0,60,True,256.9,84.0,3.1,60
2022-03-15_NABITA013.1_2,INSC20229,Negative,0,Positive,No,True,222.6,108.0,2.1,40,False,34.4,0.0,0.0,40,True,59.5,49.0,1.2,40,False,40.1,0.0,0.0,60,False,26.5,0.0,0.0,60
2022-03-15_NABITA013.1_3,INSC20231,Gene N,"24,000",Positive,Yes,True,208.8,104.0,2.0,40,True,105.2,71.0,1.5,40,True,100.6,48.0,2.1,40,False,21.7,0.0,0.0,60,False,25.7,0.0,0.0,60
2022-03-15_NABITA014.0_1,INSC20228,Positive,"7,650",Positive,Yes,True,178.4,94.0,1.9,40,True,101.4,58.0,1.7,40,True,88.0,42.0,2.1,40,True,181.9,77.0,2.4,60,True,288.0,109.0,2.6,60
2022-03-15_NABITA014.0_2,INSC20230,Negative,0,Negative,Yes,True,183.8,78.0,2.4,40,False,32.6,0.0,0.0,40,False,14.7,13.0,1.1,40,False,37.5,0.0,0.0,60,False,24.1,0.0,0.0,60
2022-03-15_NABITA014.0_3,INSC20232,Gene N,"24,000",Positive,Yes,True,181.5,101.0,1.8,40,False,38.4,0.0,0.0,40,True,155.1,67.0,2.3,40,False,26.5,29.0,0.9,60,False,33.6,0.0,0.0,60
2022-03-17_NABITA012.5_1,INSC20233,Positive,"7,650",Positive,Yes,True,115.8,58.0,2.0,40,False,23.7,26.0,0.9,40,False,37.6,26.0,1.4,40,True,103.2,28.0,3.7,60,True,189.2,52.0,3.6,60
2022-03-17_NABITA012.5_2,INSC20235,Positive,"7,650",Positive,Yes,True,117.8,89.0,1.3,40,True,52.2,49.0,1.1,40,True,40.7,39.0,1.0,40,True,242.7,81.0,3.0,60,True,247.0,89.0,2.8,60
2022-03-17_NABITA013.2_1,INSC20234,Positive,"7,650",Positive,Yes,True,165.9,58.0,2.9,40,True,102.7,35.0,2.9,40,True,68.8,24.0,2.9,40,False,51.2,30.0,1.7,60,False,37.1,0.0,0.0,60
2022-03-17_NABITA013.2_2,INSC20237,Negative,0,Positive,No,True,169.0,85.0,2.0,40,False,35.2,0.0,0.0,40,True,93.2,78.0,1.2,40,False,18.5,0.0,0.0,60,False,22.9,0.0,0.0,60
2022-03-18_NABITA012.5_1,INSC20239,Positive,"7,650",Positive,Yes,True,121.3,58.0,2.1,40,True,70.1,41.0,1.7,40,True,63.6,44.0,1.4,40,True,179.5,58.0,3.1,60,True,201.1,40.0,5.0,60
2022-03-18_NABITA012.5_2,INSC20250,Positive,"7,650",Positive,Yes,True,232.4,109.0,2.1,40,True,112.7,100.0,1.1,40,True,61.4,42.0,1.5,40,True,193.5,92.0,2.1,60,True,275.8,96.0,2.9,60
2022-03-21_NABITA008.4_1,INSC20244,Positive,"7,650",Positive,Yes,True,119.0,58.0,2.1,40,True,138.3,35.0,4.0,40,True,125.6,58.0,2.2,40,True,67.9,28.0,2.4,60,True,87.5,28.0,3.1,60
2022-03-21_NABITA008.4_2,INSC20268,Negative,0,Negative,Yes,True,144.9,86.0,1.7,40,False,19.4,0.0,0.0,40,False,11.1,0.0,0.0,40,False,19.0,0.0,0.0,60,False,22.4,0.0,0.0,60
2022-03-21_NABITA011.5_1,INSC20247,Positive,"7,650",Invalid,Yes,False,48.6,0.0,0.0,40,False,20.2,0.0,0.0,40,False,14.6,0.0,0.0,40,False,18.6,0.0,0.0,60,False,64.2,0.0,0.0,60
2022-03-21_NABITA011.5_2,INSC20243,Negative,0,Positive,No,True,72.4,45.0,1.6,40,False,29.6,0.0,0.0,40,False,40.4,0.0,0.0,40,True,73.4,44.0,1.7,60,False,54.1,44.0,1.2,60
2022-03-21_NABITA012.5_1,INSC20277,Positive,"7,650",Positive,Yes,True,77.2,58.0,1.3,40,True,40.7,29.0,1.4,40,True,42.3,25.0,1.7,40,True,86.6,58.0,1.5,60,True,145.9,58.0,2.5,60
2022-03-21_NABITA012.5_2,INSC20242,Positive,"7,650",Positive,Yes,True,111.4,57.0,2.0,40,True,64.4,42.0,1.5,40,True,110.7,50.0,2.2,40,True,169.2,57.0,3.0,60,True,165.3,41.0,4.0,60
2022-03-21_NABITA012.5_3,INSC20261,Positive,"7,650",Positive,Yes,True,98.8,64.0,1.5,40,False,37.5,33.0,1.1,40,True,61.6,43.0,1.4,40,True,180.6,57.0,3.2,60,True,191.7,53.0,3.6,60
2022-03-21_NABITA012.5_4,INSC20273,Negative,0,Negative,Yes,True,159.1,73.0,2.2,40,False,15.7,0.0,0.0,40,False,10.6,0.0,0.0,40,False,25.5,0.0,0.0,60,False,32.6,0.0,0.0,60
2022-03-21_NABITA014.0_1,INSC20271,Positive,"7,650",Positive,Yes,True,159.4,88.0,1.8,40,True,177.4,99.0,1.8,40,True,161.9,98.0,1.7,40,True,267.1,62.0,4.3,60,True,340.0,79.0,4.3,60
2022-03-21_NABITA014.0_2,INSC20276,Negative,0,Negative,Yes,True,206.9,107.0,1.9,40,False,38.1,33.0,1.2,40,False,55.6,0.0,0.0,40,False,45.8,31.0,1.5,60,False,39.4,18.0,2.2,60
2022-03-22_NABITA008.4_1,PD EV Low Cartridge,Negative,0,Invalid,Yes,False,26.3,0.0,0.0,40,False,29.7,0.0,0.0,40,False,26.9,0.0,0.0,40,False,36.9,0.0,0.0,60,False,26.0,0.0,0.0,60
2022-03-22_NABITA011.5_1,INSC20254,Negative,0,Negative,Yes,True,127.8,79.0,1.6,40,False,21.1,0.0,0.0,40,False,16.4,0.0,0.0,40,False,20.5,0.0,0.0,60,False,29.9,0.0,0.0,60
2022-03-22_NABITA011.5_2,INSC20257,Negative,0,Negative,Yes,True,168.6,97.0,1.7,40,False,16.7,0.0,0.0,40,False,17.5,0.0,0.0,40,False,38.2,0.0,0.0,60,False,32.0,0.0,0.0,60
2022-03-22_NABITA012.5_1,PD EV High Cartridge,Negative,0,Invalid,Yes,False,1.6,0.0,0.0,40,False,44.7,0.0,0.0,40,False,4.3,0.0,0.0,40,False,3.4,0.0,0.0,60,False,2.4,0.0,0.0,60
2022-03-22_NABITA012.5_2,INSC20262,Gene N,"24,000",Positive,Yes,True,196.2,95.0,2.1,40,False,17.6,0.0,0.0,40,True,76.9,46.0,1.7,40,False,17.9,0.0,0.0,60,False,46.9,0.0,0.0,60
2022-03-22_NABITA014.0_1,INSC20275,Gene N,"24,000",Negative,No,True,197.3,109.0,1.8,40,False,20.2,0.0,0.0,40,False,19.9,0.0,0.0,40,False,21.8,0.0,0.0,60,False,25.0,0.0,0.0,60
2022-03-22_NABITA014.0_2,INSC20255,Gene N,"24,000",Negative,No,True,121.3,100.0,1.2,40,False,21.4,0.0,0.0,40,False,20.1,0.0,0.0,40,False,22.7,0.0,0.0,60,False,20.1,0.0,0.0,60
2022-03-23_NABITA008.5_1,NBSC20309,Positive,"7,650",Positive,Yes,True,154.2,78.0,2.0,40,True,200.6,91.0,2.2,40,True,83.3,56.0,1.5,40,False,18.5,0.0,0.0,60,True,236.4,93.0,2.5,60
2022-03-23_NABITA009.7_1,INSC20265,Positive,"7,650",Positive,Yes,True,171.3,83.0,2.1,40,True,138.8,67.0,2.1,40,True,126.4,59.0,2.1,40,True,284.4,104.0,2.7,60,True,244.9,75.0,3.3,60
2022-03-23_NABITA009.7_2,INSC20241,Negative,0,Negative,Yes,True,218.8,108.0,2.0,40,False,30.3,0.0,0.0,40,False,14.7,0.0,0.0,40,False,16.0,0.0,0.0,60,False,23.6,0.0,0.0,60
2022-03-23_NABITA011.6_1,NBSC20348,Negative,0,Negative,Yes,True,141.5,100.0,1.4,40,False,16.5,0.0,0.0,40,False,14.3,0.0,0.0,40,False,26.0,0.0,0.0,60,False,21.6,0.0,0.0,60
2022-03-23_NABITA011.6_2,NBSC20326,Negative,0,Positive,No,True,167.3,103.0,1.6,40,False,12.8,0.0,0.0,40,False,16.9,0.0,0.0,40,True,117.1,52.0,2.3,60,False,17.1,15.0,1.1,60
2022-03-23_NABITA012.6_1,NBSC20331,Negative,0,Negative,Yes,True,89.3,58.0,1.5,40,False,9.4,0.0,0.0,40,False,14.2,0.0,0.0,40,False,27.5,0.0,0.0,60,False,18.3,0.0,0.0,60
2022-03-23_NABITA014.0_1,INSC20269,Positive,"7,650",Positive,Yes,True,107.5,58.0,1.9,40,True,90.8,41.0,2.2,40,True,82.9,33.0,2.5,40,True,63.3,34.0,1.9,60,True,151.0,58.0,2.6,60
2022-03-24_NABITA009.9_1,INSC20256,Positive,"7,650",Positive,Yes,True,155.5,58.0,2.7,40,False,27.9,27.0,1.0,40,True,117.8,33.0,3.6,40,True,115.1,38.0,3.0,60,True,76.1,58.0,1.3,60
2022-03-24_NABITA009.9_2,INSC20270,Negative,0,Negative,Yes,True,144.1,85.0,1.7,40,False,33.8,0.0,0.0,40,False,34.0,0.0,0.0,40,False,26.9,0.0,0.0,60,False,23.9,0.0,0.0,60
2022-03-25_NABITA009.9_1,NBSC20300,Negative,0,Negative,Yes,True,131.2,103.0,1.3,40,False,10.5,0.0,0.0,40,False,12.6,0.0,0.0,40,False,13.2,0.0,0.0,60,False,24.3,0.0,0.0,60
2022-03-25_NABITA011.7_1,NBSC20353,Negative,0,Negative,Yes,True,147.7,106.0,1.4,40,False,10.2,0.0,0.0,40,False,15.5,0.0,0.0,40,False,17.3,0.0,0.0,60,False,17.2,0.0,0.0,60
2022-03-25_NABITA011.7_2,NBSC20319,Negative,0,Negative,Yes,True,174.7,107.0,1.6,40,False,16.7,0.0,0.0,40,False,16.4,0.0,0.0,40,False,37.1,0.0,0.0,60,False,58.0,0.0,0.0,60
2022-03-25_NABITA012.7_1,NBSC20394,Positive,"7,650",Positive,Yes,True,182.4,109.0,1.7,40,True,49.2,47.0,1.0,40,True,68.7,40.0,1.7,40,True,153.4,81.0,1.9,60,True,381.4,109.0,3.5,60
2022-03-25_NABITA012.7_2,NBSC20343,Negative,0,Negative,Yes,True,169.9,83.0,2.0,40,False,10.6,0.0,0.0,40,False,11.5,0.0,0.0,40,False,30.2,0.0,0.0,60,False,48.5,0.0,0.0,60
2022-03-29_NABITA009.9_1,NBSC20399,Negative,0,Invalid,No,False,22.4,0.0,0.0,40,False,16.1,0.0,0.0,40,False,24.4,0.0,0.0,40,False,29.1,0.0,0.0,60,False,41.4,0.0,0.0,60
2022-03-31_NABITA002.43_1,INSC20263,Positive,"7,650",Positive,Yes,True,139.3,70.0,2.0,40,False,39.8,29.0,1.4,40,True,105.4,45.0,2.3,40,False,35.1,0.0,0.0,60,True,129.3,39.0,3.3,60
2022-03-31_NABITA002.43_2,INSC20260,Negative,0,Negative,Yes,True,159.3,89.0,1.8,40,False,19.1,0.0,0.0,40,False,11.1,0.0,0.0,40,False,39.5,0.0,0.0,60,False,31.6,0.0,0.0,60
2022-03-31_NABITA014.0_1,INSC20278,Negative,0,Negative,No,True,128.8,70.0,1.8,40,False,50.3,0.0,0.0,40,False,23.7,25.0,0.9,40,False,27.2,0.0,0.0,60,False,27.8,0.0,0.0,60
2022-04-01_NABITA014.0_1,INSC20258,Negative,0,Negative,Yes,True,110.6,75.0,1.5,40,False,11.5,0.0,0.0,40,False,16.2,0.0,0.0,40,False,18.6,0.0,0.0,60,False,24.4,0.0,0.0,60
2022-04-01_NABITA014.0_2,INSC20252,Negative,0,Negative,Yes,True,154.0,78.0,2.0,40,False,8.9,0.0,0.0,40,False,9.6,0.0,0.0,40,False,31.8,0.0,0.0,60,False,46.3,0.0,0.0,60
2022-04-01_NABITA014.0_3,INSC20259,Gene N,"24,000",Positive,Yes,True,165.2,87.0,1.9,40,True,170.8,103.0,1.7,40,True,156.2,98.0,1.6,40,False,36.2,0.0,0.0,60,False,46.0,0.0,0.0,60
2022-04-01_NABITA014.0_4,INSC20245,Gene N,"24,000",Positive,Yes,True,158.2,80.0,2.0,40,True,114.1,68.0,1.7,40,True,172.0,67.0,2.6,40,False,16.4,0.0,0.0,60,False,42.3,0.0,0.0,60
2022-04-01_NABITA014.0_5,INSC20272,Gene N,"24,000",Positive,Yes,True,116.6,72.0,1.6,40,True,121.6,57.0,2.1,40,True,131.7,62.0,2.1,40,False,27.0,0.0,0.0,60,False,24.0,0.0,0.0,60
2022-04-29_NABITA008.7_1,NBSC20329,Positive,20,Negative,NA,True,189.2,109.0,1.7,40,False,15.4,0.0,0.0,40,False,8.9,0.0,0.0,40,False,15.9,0.0,0.0,60,False,21.4,0.0,0.0,60
2022-04-29_NABITA008.7_2,NBSC20335,Positive,60,Negative,NA,True,151.3,90.0,1.7,40,False,25.3,0.0,0.0,40,False,23.9,0.0,0.0,40,False,21.6,0.0,0.0,60,False,33.0,0.0,0.0,60
2022-04-29_NABITA008.7_3,NBSC20341,Positive,180,Negative,NA,True,115.5,102.0,1.1,40,False,27.0,0.0,0.0,40,False,26.3,0.0,0.0,40,False,12.3,0.0,0.0,60,False,15.3,0.0,0.0,60
2022-04-29_NABITA011.9_1,NBSC20334,Positive,20,Positive,NA,True,139.0,74.0,1.9,40,False,21.1,0.0,0.0,40,False,14.5,0.0,0.0,40,False,45.9,0.0,0.0,60,True,141.5,42.0,3.4,60
2022-04-29_NABITA011.9_2,NBSC20336,Positive,60,Positive,NA,True,52.2,45.0,1.2,40,False,17.6,0.0,0.0,40,False,11.1,0.0,0.0,40,False,28.7,0.0,0.0,60,True,60.1,43.0,1.4,60
2022-04-29_NABITA011.9_3,NBSC20347,Positive,180,Positive,NA,True,113.2,70.0,1.6,40,False,17.6,0.0,0.0,40,False,13.6,0.0,0.0,40,False,42.1,0.0,0.0,60,True,61.8,65.0,1.0,60
2022-04-29_NABITA012.9_1,NBSC20328,Positive,20,Negative,NA,True,196.7,102.0,1.9,40,False,16.6,0.0,0.0,40,False,8.8,0.0,0.0,40,False,22.7,0.0,0.0,60,False,24.0,0.0,0.0,60
2022-04-29_NABITA012.9_2,NBSC20337,Positive,60,Negative,NA,True,161.9,92.0,1.8,40,False,9.2,0.0,0.0,40,False,10.9,0.0,0.0,40,False,41.8,0.0,0.0,60,False,21.1,0.0,0.0,60
2022-04-29_NABITA012.9_3,NBSC20349,Positive,180,Negative,NA,True,114.2,58.0,2.0,40,False,12.9,0.0,0.0,40,False,7.0,0.0,0.0,40,False,17.9,0.0,0.0,60,False,59.8,0.0,0.0,60
2022-05-13_NABITA008.7_1,NBSC20368,Positive,20,Negative,NA,True,154.7,88.0,1.8,40,False,32.8,0.0,0.0,40,False,14.6,0.0,0.0,40,False,14.4,0.0,0.0,60,False,35.9,0.0,0.0,60
2022-05-13_NABITA008.7_2,NBSC20388,Positive,60,Negative,NA,True,107.6,87.0,1.2,40,False,7.0,0.0,0.0,40,False,15.7,0.0,0.0,40,False,13.2,0.0,0.0,60,False,13.2,0.0,0.0,60
2022-05-13_NABITA008.7_3,NBSC20392,Positive,180,Negative,NA,True,130.3,45.0,2.9,40,False,32.9,33.0,1.0,40,False,21.8,0.0,0.0,40,False,19.5,0.0,0.0,60,False,31.4,0.0,0.0,60
2022-05-13_NABITA011.9_1,NBSC20371,Positive,20,Negative,NA,True,113.6,96.0,1.2,40,False,24.8,0.0,0.0,40,False,31.5,0.0,0.0,40,False,21.4,0.0,0.0,60,False,56.2,0.0,0.0,60
2022-05-13_NABITA011.9_2,NBSC20389,Positive,60,Invalid,NA,False,29.9,0.0,0.0,40,False,18.3,0.0,0.0,40,False,9.9,0.0,0.0,40,False,32.0,0.0,0.0,60,False,40.9,0.0,0.0,60
2022-05-13_NABITA011.9_3,NBSC20391,Positive,60,Negative,NA,True,75.4,57.0,1.3,40,False,23.3,0.0,0.0,40,False,14.6,0.0,0.0,40,False,35.1,0.0,0.0,60,False,65.6,0.0,0.0,60
2022-05-13_NABITA011.9_4,NBSC20395,Positive,180,Negative,NA,True,151.5,95.0,1.6,40,False,12.6,0.0,0.0,40,False,14.9,0.0,0.0,40,False,44.2,0.0,0.0,60,False,18.7,0.0,0.0,60
2022-05-13_NABITA012.9_1,NBSC20387,Positive,20,Negative,NA,True,132.4,108.0,1.2,40,False,11.9,0.0,0.0,40,False,8.5,0.0,0.0,40,False,31.6,0.0,0.0,60,False,23.6,0.0,0.0,60
2022-05-13_NABITA012.9_2,NBSC20390,Positive,60,Positive,NA,True,106.6,58.0,1.8,40,False,8.3,0.0,0.0,40,False,9.7,0.0,0.0,40,False,16.5,0.0,0.0,60,True,62.3,56.0,1.1,60
2022-05-13_NABITA012.9_3,NBSC20393,Positive,180,Negative,NA,True,163.1,96.0,1.7,40,False,8.9,0.0,0.0,40,False,9.1,0.0,0.0,40,False,34.2,0.0,0.0,60,False,27.9,0.0,0.0,60
2022-06-14_NABITA012.10_1,INSC20149,Positive,"7,650",Positive,Yes,True,89.4,67.0,1.3,40,False,34.5,0.0,0.0,40,False,42.5,0.0,0.0,40,True,178.5,67.0,2.7,60,True,288.7,108.0,2.7,60
2022-06-14_NABITA012.10_2,INSC20148,Negative,0,Negative,Yes,True,80.8,75.0,1.1,40,False,5.7,0.0,0.0,40,False,1.8,0.0,0.0,40,False,3.4,0.0,0.0,60,False,9.1,0.0,0.0,60
2022-06-15_NABITA014.0_1,INSC20192,Negative,0,Negative,Yes,True,196.6,100.0,2.0,40,False,38.6,0.0,0.0,40,False,22.4,0.0,0.0,40,False,12.2,0.0,0.0,60,False,24.8,0.0,0.0,60
2022-06-17_NABITA014.0_1,INSC20253,Negative,0,Negative,Yes,True,180.0,90.0,2.0,40,False,20.8,0.0,0.0,40,False,17.7,0.0,0.0,40,False,10.9,0.0,0.0,60,False,23.6,0.0,0.0,60
2022-06-22_NABITA010.10_2,INSC20281,Negative,0,Negative,Yes,True,141.1,109.0,1.3,40,False,13.7,0.0,0.0,40,False,21.6,0.0,0.0,40,False,29.7,0.0,0.0,60,False,27.6,32.0,0.9,60
2022-06-22_NABITA010.10_3,INSC20304,Positive,"7,650",Positive,Yes,True,145.9,101.0,1.4,40,True,115.3,72.0,1.6,40,True,113.1,88.0,1.3,40,True,159.1,78.0,2.0,60,True,219.2,96.0,2.3,60
2022-06-22_NABITA011.11_1,INSC20306,Negative,0,Negative,Yes,True,64.9,62.0,1.0,40,False,7.1,0.0,0.0,40,False,6.2,0.0,0.0,40,False,22.6,0.0,0.0,60,False,20.1,0.0,0.0,60
2022-06-22_NABITA011.11_2,INSC20282,Positive,"7,650",Positive,Yes,True,170.2,100.0,1.7,40,True,96.1,65.0,1.5,40,True,104.0,65.0,1.6,40,True,277.6,103.0,2.7,60,True,314.8,104.0,3.0,60
2022-06-22_NABITA012.12_1,INSC20264,Positive,"7,650",Positive,Yes,True,158.5,96.0,1.7,40,True,54.6,60.0,0.9,40,True,52.5,44.0,1.2,40,True,204.4,63.0,3.2,60,True,169.1,61.0,2.8,60
2022-06-22_NABITA015.0_1,INSC20279,Positive,"7,650",Positive,Yes,True,96.6,71.0,1.4,40,True,112.7,72.0,1.6,40,True,74.2,56.0,1.3,40,True,172.1,65.0,2.6,60,True,149.3,61.0,2.4,60
2022-06-22_NABITA015.0_2,INSC20305,Negative,0,Negative,Yes,True,124.6,88.0,1.4,40,False,27.5,0.0,0.0,40,False,9.7,0.0,0.0,40,False,21.9,0.0,0.0,60,False,29.7,0.0,0.0,60
2022-06-30_NABITA002.45_1,INSC20285,Negative,0,Negative,Yes,True,115.6,104.0,1.1,40,False,16.1,0.0,0.0,40,False,30.8,0.0,0.0,40,False,27.3,0.0,0.0,60,False,11.5,0.0,0.0,60
2022-06-30_NABITA012.7_1,INSC20289,Negative,0,Negative,Yes,True,165.5,107.0,1.5,40,False,8.0,0.0,0.0,40,False,6.5,0.0,0.0,40,False,29.4,0.0,0.0,60,False,36.6,0.0,0.0,60
2022-06-30_NABITA014.4_1,INSC20294,Negative,0,Negative,Yes,True,111.1,86.0,1.3,40,False,8.6,0.0,0.0,40,False,13.9,0.0,0.0,40,False,15.1,0.0,0.0,60,False,19.3,0.0,0.0,60
"
"
