TestID#,KitID,InputGp,Input[C],OutputRt,Exp. Result,ChRt-1,VolDiff-1,Tq-1,StepWidth-1,AvgRate-1,SentivityScore-1,Threshold-1,ChRt-2,VolDiff-2,Tq-2,StepWidth-2,AvgRate-2,SentivityScore-2,Threshold-2,ChRt-3,VolDiff-3,Tq-3,StepWidth-3,AvgRate-3,SentivityScore-3,Threshold-3,ChRt-4,VolDiff-4,Tq-4,StepWidth-4,AvgRate-4,SentivityScore-4,Threshold-4,ChRt-5,VolDiff-5,Tq-5,StepWidth-5,AvgRate-5,SentivityScore-5,Threshold-5
2021-04-21_NABITA003.6_1,COVID-19 v.1,Negative,0,Negative,Yes,True,131.5,9.4,99.0,1.3,53.7,40,False,16.2,0.0,0.0,0.0,32.1,40,False,25.6,0.0,0.0,0.0,34.1,40,False,30.7,0.0,38.0,0.8,56.5,60,False,25.4,5.2,24.0,1.1,61.7,60
2021-04-21_NABITA003.6_2,COVID-19 v.1,Gene N,"24,000",Positive,Yes,True,129.6,14.5,109.0,1.2,52.1,40,True,50.1,16.4,52.0,1.0,24.4,40,True,87.2,13.2,68.0,1.3,25.9,40,False,11.5,0.0,0.0,0.0,57.1,60,False,32.5,0.0,0.0,0.0,58.8,60
2021-04-21_NABITA004.6_1,COVID-19 v.1,Negative,0,Negative,Yes,True,214.6,12.6,160.0,1.3,46.3,40,False,15.0,0.0,0.0,0.0,26.4,40,False,9.5,0.0,0.0,0.0,39.6,40,False,29.0,0.0,0.0,0.0,115.0,60,False,24.4,0.0,0.0,0.0,59.6,60
2021-04-21_NABITA004.6_2,COVID-19 v.1,Gene N,"24,000",Positive,Yes,True,121.3,11.2,97.0,1.3,40.3,40,True,75.2,12.6,57.0,1.3,27.0,40,True,62.8,13.3,68.0,0.9,38.9,40,False,16.2,0.0,0.0,0.0,132.1,60,False,21.8,0.0,0.0,0.0,56.9,60
2021-04-22_NABITA003.7_1,COVID-19 v.1,Negative,0,Negative,No,True,202.1,11.4,129.0,1.6,52.2,40,False,17.7,0.0,0.0,0.0,32.1,40,False,25.5,0.0,0.0,0.0,38.7,40,False,56.2,0.0,59.0,1.0,92.0,60,False,24.3,0.0,0.0,0.0,72.5,60
2021-04-22_NABITA003.7_2,COVID-19 v.1,Positive,"24,000",Positive,Yes,True,117.4,11.2,91.0,1.3,46.4,40,True,106.9,10.4,80.0,1.3,28.8,40,True,176.4,11.7,113.0,1.6,36.8,40,True,186.6,12.6,112.0,1.7,55.4,60,True,356.2,11.2,116.0,3.1,66.5,60
2021-04-22_NABITA003.7_4,COVID-19 v.1,Negative,0,Negative,Yes,True,108.5,9.1,79.0,1.4,38.5,40,False,17.9,0.0,0.0,0.0,31.4,40,False,11.5,0.0,0.0,0.0,33.2,40,False,16.2,0.0,0.0,0.0,52.1,60,False,16.0,0.0,0.0,0.0,54.8,60
2021-04-22_NABITA004.7_1,COVID-19 v.1,Negative,0,Negative,Yes,True,137.8,11.7,107.0,1.3,51.0,40,False,14.2,0.0,0.0,0.0,25.6,40,False,6.9,0.0,0.0,0.0,36.6,40,False,20.1,0.0,0.0,0.0,141.6,60,False,21.8,3.9,20.0,1.1,61.9,60
2021-04-22_NABITA004.7_2,COVID-19 v.1,Positive,"24,000",Positive,Yes,True,181.2,12.6,164.0,1.1,46.2,40,True,64.3,9.8,57.0,1.1,27.2,40,True,51.4,10.9,52.0,1.0,36.1,40,True,112.3,12.7,80.0,1.4,116.7,60,True,204.7,12.3,113.0,1.8,68.6,60
2021-04-23_NABITA001.9_1,COVID-19 v.3,Negative,0,Negative,NA,True,126.5,11.6,131.0,1.0,51.5,40,False,9.2,0.0,0.0,0.0,78.2,40,False,33.9,0.0,42.0,0.8,52.2,40,False,9.8,0.0,0.0,0.0,38.3,60,False,9.9,0.0,0.0,0.0,25.7,60
2021-04-23_NABITA001.9_2,NBSC20151,Negative,0,Negative,Yes,True,109.8,16.7,100.0,1.1,43.0,40,False,8.6,0.0,0.0,0.0,29.8,40,False,8.5,0.0,0.0,0.0,33.2,40,False,9.4,0.0,0.0,0.0,66.6,60,False,6.1,0.0,0.0,0.0,52.0,60
2021-04-23_NABITA001.9_3,NBSC20143,Positive,"24,000",Invalid,Yes,False,51.1,14.6,0.0,0.0,38.6,40,False,54.0,13.7,0.0,0.0,28.5,40,False,52.7,13.6,0.0,0.0,29.1,40,True,81.5,15.4,53.0,1.5,65.5,60,False,57.3,15.2,63.0,0.9,50.9,60
2021-04-23_NABITA003.7_1,COVID-19 v.1,Gene N,"24,000",Positive,Yes,True,127.7,10.2,103.0,1.2,48.4,40,True,88.6,10.2,56.0,1.6,38.8,40,True,92.8,11.2,55.0,1.7,37.6,40,False,34.8,0.0,0.0,0.0,58.2,60,False,23.7,0.0,0.0,0.0,55.4,60
2021-04-23_NABITA003.7_2,NBSC20136,Negative,0,Invalid,Invalid,False,5.5,0.0,0.0,0.0,1.1,40,False,2.5,0.0,0.0,0.0,0.5,40,False,4.6,0.0,0.0,0.0,1.7,40,False,7.3,0.0,0.0,0.0,1.7,60,False,9.0,0.0,0.0,0.0,2.2,60
2021-04-23_NABITA003.7_3,NBSC20129,Positive,"24,000",Invalid,Yes,False,49.9,0.0,0.0,0.0,43.5,40,False,32.5,16.8,0.0,0.0,28.1,40,True,111.8,14.3,92.0,1.2,30.6,40,True,122.0,14.0,112.0,1.1,65.8,60,True,149.7,14.8,106.0,1.4,72.8,60
2021-04-23_NABITA003.7_4,NBSC20133,Negative,0,Invalid,Yes,False,40.1,0.0,0.0,0.0,59.4,40,False,8.1,0.0,0.0,0.0,31.2,40,False,22.5,0.0,0.0,0.0,34.0,40,False,26.8,0.0,0.0,0.0,63.3,60,False,15.1,0.0,0.0,0.0,77.6,60
2021-04-24_NABITA001.10_1,NBSC20026,Negative,0,Negative,Yes,True,157.7,12.8,131.0,1.2,46.3,40,False,20.6,0.0,0.0,0.0,35.6,40,False,8.5,0.0,0.0,0.0,36.1,40,False,10.4,0.0,0.0,0.0,69.9,60,False,9.5,0.0,0.0,0.0,42.5,60
2021-04-24_NABITA001.10_2,NBSC20002,Positive,"24,000",Positive,Yes,True,40.1,22.2,45.0,0.9,41.0,40,True,101.8,16.1,85.0,1.2,37.0,40,True,75.7,10.4,67.0,1.1,38.4,40,True,134.4,12.9,86.0,1.6,74.7,60,True,71.3,12.2,71.0,1.0,63.5,60
2021-04-24_NABITA001.10_3,NBSC20054,Negative,0,Negative,Yes,True,81.0,16.5,85.0,1.0,42.0,40,False,10.6,0.0,0.0,0.0,28.6,40,False,12.3,0.0,0.0,0.0,35.8,40,False,14.6,0.0,0.0,0.0,71.4,60,False,13.8,0.0,0.0,0.0,54.0,60
2021-04-24_NABITA002.15_1,NBSC20034,Negative,0,Positive,No,True,93.4,0.0,103.0,0.9,64.5,40,False,16.4,0.0,0.0,0.0,46.8,40,False,30.0,0.0,0.0,0.0,46.2,40,False,1.0,0.0,0.0,0.0,0.1,60,True,72.1,5.0,60.0,1.2,67.2,60
2021-04-24_NABITA002.15_2,NBSC20073,Positive,"24,000",Positive,Yes,True,201.5,17.0,135.0,1.5,77.1,40,True,91.5,12.2,62.0,1.5,58.7,40,True,191.7,12.9,121.0,1.6,48.7,40,True,132.7,16.6,85.0,1.6,0.7,60,True,202.1,13.0,122.0,1.7,93.5,60
2021-04-24_NABITA003.7_1,NBSC20048,Negative,0,Negative,Yes,True,57.3,18.8,56.0,1.0,59.2,40,False,4.9,0.0,0.0,0.0,35.3,40,False,2.8,0.0,0.0,0.0,35.0,40,False,8.0,0.0,0.0,0.0,82.9,60,False,2.5,0.0,0.0,0.0,75.8,60
2021-04-24_NABITA003.7_2,NBSC20014,Positive,"24,000",Positive,Yes,True,44.1,13.7,46.0,1.0,59.6,40,True,52.4,10.9,59.0,0.9,29.7,40,True,105.6,11.3,98.0,1.1,35.0,40,True,118.9,13.2,74.0,1.6,63.6,60,True,188.3,12.7,97.0,1.9,72.5,60
2021-04-24_NABITA003.7_3,NBSC20132,Positive,"100,000",Positive,Yes,True,156.5,13.5,100.0,1.6,55.0,40,True,90.5,11.6,104.0,0.9,28.0,40,True,94.9,13.2,62.0,1.5,32.0,40,True,102.9,14.4,61.0,1.7,66.4,60,True,134.0,14.6,86.0,1.6,62.2,60
2021-04-27_NABITA002.18_1,COVID-19 v.1,Positive,"24,000",Positive,Yes,True,97.9,11.3,99.0,1.0,36.3,40,True,109.2,12.8,64.0,1.7,39.1,40,True,146.5,11.8,68.0,2.2,49.2,40,True,302.3,12.6,134.0,2.3,73.3,60,True,122.3,12.5,55.0,2.2,51.6,60
2021-04-27_NABITA002.18_2,COVID-19 v.1,Positive,"24,000",Positive,Yes,True,155.1,10.9,125.0,1.2,62.9,40,True,94.3,12.7,97.0,1.0,36.7,40,True,160.7,9.9,68.0,2.4,53.4,40,True,313.8,10.5,109.0,2.9,95.9,60,True,228.2,10.2,76.0,3.0,79.5,60
2021-04-28_NABITA001.13_1,COVID-19 v.1,Negative,0,Negative,Yes,True,82.9,12.8,68.0,1.2,37.8,40,False,14.9,0.0,0.0,0.0,38.6,40,False,7.4,0.0,0.0,0.0,40.1,40,False,10.2,0.0,0.0,0.0,90.3,60,False,14.0,0.0,0.0,0.0,59.2,60
2021-04-28_NABITA001.13_2,COVID-19 v.1,Negative,0,Negative,Yes,True,94.8,11.8,78.0,1.2,37.9,40,False,16.4,0.0,0.0,0.0,29.7,40,False,18.5,0.0,0.0,0.0,37.1,40,False,18.5,0.0,0.0,0.0,69.5,60,False,15.6,0.0,0.0,0.0,50.2,60
2021-04-28_NABITA001.13_3,COVID-19 v.1,Gene N,"24,000",Positive,Yes,True,93.0,8.2,75.0,1.2,42.4,40,True,71.0,12.9,45.0,1.6,23.4,40,True,60.1,12.7,42.0,1.4,39.2,40,False,15.9,0.0,0.0,0.0,69.4,60,False,19.7,0.0,0.0,0.0,55.4,60
2021-04-28_NABITA002.19_1,COVID-19 v.1,Negative,0,Negative,Yes,True,190.4,12.3,163.0,1.2,75.7,40,False,18.1,0.0,0.0,0.0,43.8,40,False,28.7,4.3,0.0,0.0,56.4,40,False,43.2,0.0,0.0,0.0,100.6,60,False,22.8,0.0,0.0,0.0,122.8,60
2021-04-28_NABITA002.19_2,COVID-19 v.1,Negative,0,Positive,No,True,167.3,9.6,127.0,1.3,79.2,40,False,14.7,0.0,0.0,0.0,40.2,40,False,8.8,0.0,0.0,0.0,51.0,40,True,170.5,24.2,52.0,3.3,90.0,60,False,12.6,0.0,0.0,0.0,88.9,60
2021-04-28_NABITA002.20_3,COVID-19 v.1,Negative,0,Negative,Yes,True,75.0,13.5,54.0,1.4,55.3,40,False,8.8,0.0,0.0,0.0,37.7,40,False,15.5,0.0,0.0,0.0,48.5,40,False,20.5,0.0,0.0,0.0,72.0,60,False,30.0,20.5,0.0,0.0,38.1,60
2021-04-28_NABITA002.20_4,COVID-19 v.1,Gene N,"24,000",Positive,Yes,True,137.9,10.6,131.0,1.1,63.8,40,False,13.9,0.0,0.0,0.0,41.6,40,True,196.9,13.9,117.0,1.7,50.8,40,False,29.2,0.0,0.0,0.0,101.3,60,False,23.3,0.0,0.0,0.0,77.2,60
2021-05-12_NABITA001.16_1,NBSC20065,Negative,0,Negative,Yes,True,97.5,15.1,80.0,1.2,40.9,40,False,8.9,0.0,0.0,0.0,25.4,40,False,6.3,0.0,0.0,0.0,43.2,40,False,15.1,0.0,0.0,0.0,78.5,60,False,12.4,0.0,0.0,0.0,86.8,60
2021-05-12_NABITA001.16_2,NBSC20053,Negative,0,Negative,Yes,True,253.4,17.0,147.0,1.7,51.1,40,False,18.8,0.0,0.0,0.0,33.0,40,False,7.6,0.0,0.0,0.0,39.8,40,False,8.3,0.0,0.0,0.0,63.0,60,False,14.4,0.0,0.0,0.0,65.1,60
2021-05-12_NABITA001.16_3,NBSC20039,Negative,0,Negative,Yes,True,145.5,14.5,101.0,1.4,45.0,40,False,15.8,0.0,0.0,0.0,30.5,40,False,10.8,0.0,0.0,0.0,36.8,40,False,9.1,0.0,0.0,0.0,66.1,60,False,15.8,0.0,0.0,0.0,70.3,60
2021-05-13_NABITA001.16_1,NBSC20068,Positive,"7,650",Positive,NA,True,104.0,17.3,89.0,1.2,42.4,40,True,91.1,18.3,60.0,1.5,30.3,40,False,13.0,0.0,0.0,0.0,35.4,40,False,8.3,0.0,0.0,0.0,71.7,60,False,21.6,0.0,0.0,0.0,86.6,60
2021-05-13_NABITA001.16_2,NBSC20055,Positive,"7,650",Negative,NA,True,77.7,13.7,65.0,1.2,50.7,40,False,6.2,0.0,0.0,0.0,23.1,40,False,15.5,0.0,0.0,0.0,34.0,40,False,4.6,0.0,0.0,0.0,71.0,60,False,16.5,0.0,0.0,0.0,79.4,60
2021-05-13_NABITA001.16_3,NBSC20040,Negative,0,Negative,Yes,True,121.2,11.6,110.0,1.1,46.4,40,False,17.4,0.0,0.0,0.0,22.8,40,False,8.5,0.0,0.0,0.0,33.2,40,False,5.7,0.0,0.0,0.0,60.9,60,False,17.4,0.0,0.0,0.0,60.0,60
2021-05-20_NABITA001.16_1,NBSC20037,Positive,"7,650",Positive,Yes,True,103.0,16.2,96.0,1.1,45.8,40,True,74.2,18.4,62.0,1.2,26.4,40,True,48.5,17.7,53.0,0.9,34.7,40,False,16.0,0.0,0.0,0.0,73.4,60,False,12.8,0.0,0.0,0.0,57.1,60
2021-05-20_NABITA002.24_1,NBSC20038,Positive,"7,650",Positive,Yes,True,218.2,16.8,162.0,1.3,79.8,40,True,93.8,17.1,73.0,1.3,38.0,40,False,19.0,0.0,0.0,0.0,47.2,40,False,16.3,0.0,0.0,0.0,76.2,60,False,18.9,0.0,0.0,0.0,60.4,60
2021-05-20_NABITA003.11_1,NBSC20069,Positive,"7,650",Invalid,Fail,False,17.6,0.0,0.0,0.0,0.6,40,False,9.7,0.0,0.0,0.0,0.2,40,False,13.9,0.0,0.0,0.0,0.6,40,False,36.7,0.0,0.0,0.0,0.4,60,False,45.4,0.0,0.0,0.0,0.6,60
2021-05-20_NABITA004.11_1,NBSC20067,Positive,"7,650",Positive,Yes,True,156.9,17.5,100.0,1.6,42.7,40,True,80.4,18.4,69.0,1.2,26.3,40,True,73.9,19.3,66.0,1.1,31.4,40,False,34.3,0.0,0.0,0.0,118.2,60,True,121.8,20.3,63.0,1.9,53.7,60
2021-05-25_NABITA003.11_1,NBSC20003,Positive,"7,650",Positive,Yes,True,132.4,14.6,106.0,1.2,61.9,40,False,40.9,17.4,0.0,0.0,31.1,40,True,62.7,16.0,55.0,1.1,36.2,40,False,26.5,0.0,0.0,0.0,77.6,60,True,154.5,17.9,82.0,1.9,78.5,60
2021-05-25_NABITA003.11_2,NBSC20015,Negative,0,Positive,NA,True,75.3,16.6,85.0,0.9,46.5,40,True,60.9,20.0,66.0,0.9,31.6,40,False,15.1,0.0,0.0,0.0,31.2,40,False,18.6,0.0,0.0,0.0,74.5,60,False,13.9,0.0,0.0,0.0,79.2,60
2021-05-25_NABITA003.11_3,NBSC20023,Negative,0,Invalid,NA,False,31.2,0.0,0.0,0.0,48.0,40,False,27.7,14.2,0.0,0.0,27.8,40,False,37.2,14.2,44.0,0.8,30.8,40,False,49.2,16.5,40.0,1.2,54.8,60,False,51.4,20.9,48.0,1.1,50.9,60
2021-05-25_NABITA003.11_4,NBSC20024,Negative,0,Invalid,NA,False,29.8,0.0,0.0,0.0,29.1,40,False,4.8,0.0,0.0,0.0,17.5,40,False,11.1,0.0,0.0,0.0,25.0,40,False,8.9,0.0,0.0,0.0,71.3,60,False,4.7,0.0,0.0,0.0,43.4,60
2021-05-25_NABITA003.11_5,NBSC20022,Negative,0,Invalid,Invalid,False,37.6,0.0,0.0,0.0,40.8,40,False,5.9,0.0,0.0,0.0,21.1,40,False,21.9,0.0,0.0,0.0,28.6,40,False,10.8,0.0,0.0,0.0,60.2,60,False,7.6,0.0,0.0,0.0,66.5,60
2021-05-26_NABITA003.11_1,NBSC20004,Negative,0,Negative,Yes,True,120.4,12.9,94.0,1.3,49.9,40,False,7.3,0.0,0.0,0.0,32.5,40,False,19.5,0.0,0.0,0.0,30.0,40,False,12.9,0.0,0.0,0.0,59.3,60,False,10.1,0.0,0.0,0.0,68.2,60
2021-05-26_NABITA003.11_2,NBSC20016,Negative,0,Invalid,Invalid,False,29.8,0.0,0.0,0.0,49.2,40,False,7.5,0.0,0.0,0.0,28.3,40,False,10.4,0.0,0.0,0.0,32.8,40,False,13.2,0.0,0.0,0.0,65.8,60,False,9.1,0.0,0.0,0.0,68.7,60
2021-05-26_NABITA003.11_3,NBSC20018,Negative,0,Invalid,Invalid,False,31.0,0.0,0.0,0.0,44.1,40,False,5.5,0.0,0.0,0.0,25.8,40,False,7.8,0.0,0.0,0.0,29.2,40,False,24.5,0.0,0.0,0.0,61.2,60,False,11.1,0.0,0.0,0.0,66.8,60
2021-05-26_NABITA003.11_4,NBSC20006,Negative,0,Invalid,Invalid,False,34.3,0.0,0.0,0.0,52.6,40,False,1.9,0.0,0.0,0.0,24.4,40,False,3.1,0.0,0.0,0.0,27.7,40,False,4.0,0.0,0.0,0.0,66.4,60,False,2.7,0.0,0.0,0.0,65.8,60
2021-05-26_NABITA004.11_1,NBSC20005,Negative,0,Negative,Yes,True,116.9,16.8,81.0,1.4,43.9,40,False,15.4,0.0,0.0,0.0,24.3,40,False,3.8,0.0,0.0,0.0,30.8,40,False,9.7,0.0,0.0,0.0,107.0,60,False,10.7,0.0,0.0,0.0,88.9,60
2021-05-26_NABITA004.11_2,NBSC20017,Negative,0,Negative,Yes,True,187.8,19.0,129.0,1.5,36.7,40,False,16.0,0.0,0.0,0.0,16.8,40,False,6.6,0.0,0.0,0.0,24.9,40,False,22.6,0.0,0.0,0.0,70.7,60,False,17.7,0.0,0.0,0.0,73.6,60
2021-05-26_NABITA004.11_3,NBSC20019,Negative,0,Negative,Yes,True,154.3,16.9,108.0,1.4,36.1,40,False,5.6,0.0,0.0,0.0,17.9,40,False,6.6,0.0,0.0,0.0,26.4,40,False,18.7,0.0,0.0,0.0,104.9,60,False,18.2,0.0,0.0,0.0,55.0,60
2021-05-27_NABITA002.24_1,NBSC20059,Negative,0,Negative,Yes,True,73.4,17.0,75.0,1.0,76.8,40,False,12.8,0.0,0.0,0.0,45.2,40,False,13.3,0.0,0.0,0.0,54.5,40,False,20.7,0.0,0.0,0.0,122.2,60,False,16.7,0.0,0.0,0.0,85.5,60
2021-05-27_NABITA002.24_2,NBSC20077,Negative,0,Negative,Yes,True,98.0,15.6,89.0,1.1,68.2,40,False,8.0,0.0,0.0,0.0,38.6,40,False,13.7,0.0,0.0,0.0,49.8,40,False,19.0,0.0,0.0,0.0,116.2,60,False,17.5,0.0,0.0,0.0,99.5,60
2021-05-27_NABITA002.24_3,NBSC20009,Negative,0,Negative,Yes,True,101.2,13.8,102.0,1.0,57.9,40,False,11.5,0.0,0.0,0.0,32.1,40,False,16.3,17.9,0.0,0.0,37.8,40,False,21.4,0.0,0.0,0.0,145.9,60,False,21.3,0.0,0.0,0.0,104.6,60
2021-05-27_NABITA003.14_2,NBSC20082,Negative,0,Negative,Yes,True,124.2,15.8,119.0,1.0,58.2,40,False,9.6,0.0,0.0,0.0,37.4,40,False,15.8,0.0,0.0,0.0,42.1,40,False,17.8,0.0,0.0,0.0,104.4,60,False,10.1,0.0,0.0,0.0,79.2,60
2021-05-27_NABITA004.11_1,NBSC20100,Negative,0,Negative,Yes,True,96.4,19.2,78.0,1.2,38.6,40,False,10.9,0.0,0.0,0.0,25.0,40,False,3.4,0.0,0.0,0.0,34.5,40,False,6.8,0.0,0.0,0.0,115.9,60,False,10.2,0.0,0.0,0.0,75.8,60
2021-05-27_NABITA004.11_2,NBSC20060,Negative,0,Negative,Yes,True,79.3,10.8,78.0,1.0,48.2,40,False,14.6,0.0,0.0,0.0,23.3,40,False,6.9,0.0,0.0,0.0,31.0,40,False,7.0,0.0,0.0,0.0,112.4,60,False,12.8,0.0,0.0,0.0,72.6,60
2021-05-27_NABITA004.11_3,NBSC20011,Negative,0,Negative,Yes,True,86.1,12.4,84.0,1.0,48.4,40,False,15.2,0.0,0.0,0.0,20.8,40,False,5.1,0.0,0.0,0.0,32.8,40,False,13.6,0.0,0.0,0.0,99.9,60,False,30.8,0.0,0.0,0.0,81.4,60
2021-05-28_NABITA003.14_1,NBSC20032,Negative,0,Invalid,Invalid,False,39.4,0.0,0.0,0.0,52.1,40,False,6.8,0.0,0.0,0.0,37.9,40,False,8.6,0.0,0.0,0.0,35.4,40,False,9.6,0.0,0.0,0.0,88.5,60,False,6.0,0.0,0.0,0.0,75.2,60
2021-05-28_NABITA003.14_2,NBSC20031,Negative,0,Negative,Yes,True,80.0,17.0,88.0,0.9,50.8,40,False,7.3,0.0,0.0,0.0,31.0,40,False,7.4,0.0,0.0,0.0,35.7,40,False,14.4,0.0,0.0,0.0,87.0,60,False,9.3,0.0,0.0,0.0,76.6,60
2021-06-08_NABITA003.17_1,NBSC20030,Negative,0,Invalid,Invalid,False,7.9,0.0,0.0,0.0,3.0,40,False,8.7,0.0,0.0,0.0,1.6,40,False,7.0,0.0,0.0,0.0,2.3,40,False,3.4,0.0,0.0,0.0,0.2,60,False,7.1,0.0,0.0,0.0,2.8,60
2021-06-08_NABITA003.18_2,NBSC20036,Negative,0,Invalid,Invalid,False,8.0,0.0,0.0,0.0,3.2,40,False,7.0,0.0,0.0,0.0,3.2,40,False,6.0,0.0,0.0,0.0,2.3,40,False,6.2,0.0,0.0,0.0,1.1,60,False,6.0,0.0,0.0,0.0,2.9,60
2021-06-09_NABITA003.19_1,NBSC20035,Negative,0,Invalid,Invalid,False,7.5,0.0,0.0,0.0,2.8,40,False,7.9,0.0,0.0,0.0,2.0,40,False,6.0,0.0,0.0,0.0,2.6,40,False,4.8,0.0,0.0,0.0,0.5,60,False,5.5,0.0,0.0,0.0,3.0,60
2021-06-09_NABITA004.12_1,NBSC20029,Negative,0,Negative,Yes,True,115.8,14.3,90.0,1.3,50.6,40,False,9.7,0.0,0.0,0.0,27.3,40,False,8.0,0.0,0.0,0.0,31.4,40,False,12.3,0.0,0.0,0.0,105.1,60,False,19.5,0.0,0.0,0.0,79.1,60
2021-06-10_NABITA003.22_1,NBSC20101,Negative,0,Invalid,Yes,False,42.8,0.0,0.0,0.0,39.4,40,False,8.4,0.0,0.0,0.0,21.7,40,False,8.7,0.0,0.0,0.0,24.5,40,False,6.4,0.0,0.0,0.0,62.9,60,False,25.2,0.0,0.0,0.0,63.8,60
2021-06-10_NABITA003.22_2,NBSC20103,Negative,0,Negative,Yes,True,48.6,13.7,56.0,0.9,30.1,40,False,11.7,0.0,0.0,0.0,18.2,40,False,12.5,0.0,0.0,0.0,20.1,40,False,31.0,0.0,0.0,0.0,64.7,60,False,23.6,0.0,0.0,0.0,53.8,60
2021-06-11_NABITA002.24_1,NBSC20051,Negative,0,Negative,Yes,True,119.6,15.5,95.0,1.3,71.5,40,False,9.5,0.0,0.0,0.0,36.4,40,False,15.7,0.0,0.0,0.0,41.8,40,False,18.1,0.0,0.0,0.0,113.0,60,False,15.4,0.0,0.0,0.0,79.1,60
2021-06-11_NABITA004.13_1,NBSC20052,Negative,0,Negative,Yes,True,115.0,13.5,89.0,1.3,42.3,40,False,18.1,0.0,0.0,0.0,23.3,40,False,4.7,0.0,0.0,0.0,32.1,40,False,13.1,0.0,0.0,0.0,111.6,60,False,12.1,0.0,0.0,0.0,71.2,60
2021-06-11_NABITA004.13_2,NBSC20012,Negative,0,Negative,Yes,True,50.8,13.8,56.0,0.9,35.8,40,False,4.1,0.0,0.0,0.0,13.3,40,False,4.7,0.0,0.0,0.0,26.7,40,False,12.2,0.0,0.0,0.0,101.1,60,False,9.8,0.0,0.0,0.0,60.6,60
2021-06-14_NABITA003.22_1,NBSC20050,Negative,0,Negative,Yes,True,74.9,14.0,70.0,1.1,43.7,40,False,13.3,0.0,0.0,0.0,25.6,40,False,17.7,0.0,0.0,0.0,26.4,40,False,18.9,0.0,0.0,0.0,52.7,60,False,9.3,0.0,0.0,0.0,57.7,60
2021-06-15_NABITA003.22_1,NBSC20046,Negative,0,Invalid,Invalid,False,32.2,0.0,0.0,0.0,48.6,40,False,3.8,0.0,0.0,0.0,28.3,40,False,4.0,0.0,0.0,0.0,32.2,40,False,6.6,0.0,0.0,0.0,61.5,60,False,3.2,0.0,0.0,0.0,64.9,60
2021-06-15_NABITA004.13_1,NBSC20045,Negative,0,Negative,Yes,True,115.2,11.9,84.0,1.4,50.4,40,False,15.4,0.0,0.0,0.0,22.4,40,False,4.5,0.0,0.0,0.0,31.1,40,False,16.1,0.0,0.0,0.0,85.8,60,False,12.5,0.0,0.0,0.0,88.2,60
2021-06-15_NABITA004.14_1,NBSC20042,Negative,0,Negative,Yes,True,238.4,17.7,168.0,1.4,46.7,40,False,15.6,0.0,0.0,0.0,26.4,40,False,11.6,0.0,0.0,0.0,33.4,40,False,18.5,0.0,0.0,0.0,70.0,60,False,23.1,0.0,0.0,0.0,79.0,60
2021-06-17_NABITA002.28_1,In-House Kit,Positive,"100,000",Positive,Yes,True,179.3,10.4,130.0,1.4,65.2,40,True,84.4,11.6,67.0,1.3,45.0,40,True,172.6,12.1,73.0,2.4,44.9,40,True,177.4,11.9,68.0,2.6,76.8,60,True,164.9,11.8,78.0,2.1,64.1,60
2021-06-24_NABITA003.27_1,NBSC20041,Negative,0,Invalid,Fail,False,4.0,0.0,0.0,0.0,37.0,40,False,3.5,0.0,0.0,0.0,21.1,40,False,17.5,0.0,0.0,0.0,24.0,40,False,6.1,0.0,0.0,0.0,84.0,60,False,4.2,0.0,0.0,0.0,64.5,60
2021-06-30_NABITA003.34_1,NBSC20013,Negative,0,Invalid,Invalid,False,39.6,14.2,0.0,0.0,53.1,40,False,8.2,0.0,0.0,0.0,26.6,40,False,15.4,0.0,0.0,0.0,32.9,40,False,18.4,0.0,0.0,0.0,109.4,60,False,19.3,0.0,0.0,0.0,97.5,60
2021-07-21_NABITA002.35_1,NBSC20043,Positive,"7,650",Positive,Yes,True,128.6,15.7,105.0,1.2,66.7,40,True,115.6,15.5,93.0,1.2,41.0,40,True,135.0,16.1,71.0,1.9,46.2,40,True,181.4,18.5,91.0,2.0,123.6,60,True,97.2,18.6,79.0,1.2,73.6,60
2021-07-21_NABITA002.35_2,,Positive,"7,650",Positive,Yes,True,218.9,8.8,113.0,1.9,54.2,40,True,122.0,11.5,70.0,1.7,35.4,40,True,173.2,12.1,83.0,2.1,42.2,40,True,247.1,12.5,69.0,3.6,80.6,60,True,198.7,12.7,75.0,2.6,53.0,60
2021-07-21_NABITA004.21_1,NBSC20044,Positive,"7,650",Positive,Yes,True,161.6,15.1,156.0,1.0,64.3,40,True,52.6,16.3,52.0,1.0,32.8,40,True,102.7,15.8,93.0,1.1,45.4,40,True,194.0,20.2,84.0,2.3,117.0,60,True,86.0,19.8,63.0,1.4,95.4,60
2021-07-21_NABITA004.21_2,,Positive,"7,650",Positive,Yes,True,171.4,9.8,112.0,1.5,44.9,40,True,115.5,14.2,90.0,1.3,26.9,40,True,145.9,12.5,99.0,1.5,37.5,40,True,250.0,12.0,123.0,2.0,81.2,60,True,317.7,12.4,140.0,2.3,70.3,60
2021-07-22_NABITA002.35_1,NBSC20118,Positive,"7,650",Positive,Yes,True,135.2,14.5,115.0,1.2,65.8,40,True,54.8,16.5,64.0,0.9,38.8,40,True,74.3,18.0,55.0,1.4,44.6,40,True,189.1,17.9,75.0,2.5,92.0,60,True,69.2,20.6,59.0,1.2,79.1,60
2021-07-22_NABITA002.35_2,NBSC20116,Positive,"7,650",Positive,Yes,True,80.8,16.6,75.0,1.1,53.2,40,True,50.4,15.8,49.0,1.0,35.2,40,True,77.0,14.3,46.0,1.7,40.4,40,True,137.3,16.1,96.0,1.4,103.3,60,True,109.2,17.1,87.0,1.3,69.6,60
2021-07-22_NABITA002.35_3,,Positive,"7,650",Positive,Yes,True,179.7,9.3,128.0,1.4,47.8,40,True,116.0,12.5,101.0,1.1,36.7,40,True,146.9,13.9,112.0,1.3,38.1,40,True,276.5,12.8,126.0,2.2,78.3,60,True,213.6,12.2,95.0,2.2,61.7,60
2021-07-22_NABITA004.21_1,,Positive,"7,650",Positive,Yes,True,145.4,10.4,81.0,1.8,42.9,40,True,138.0,13.1,85.0,1.6,31.1,40,True,136.2,12.7,100.0,1.4,41.2,40,True,271.3,12.4,116.0,2.3,74.9,60,True,236.7,12.9,95.0,2.5,82.3,60
2021-07-23_NABITA002.35_1,,Positive,"7,650",Positive,Yes,True,182.2,8.9,106.0,1.7,56.5,40,True,199.7,12.3,116.0,1.7,44.0,40,True,160.7,11.6,99.0,1.6,48.2,40,True,284.4,12.2,120.0,2.4,87.1,60,True,256.1,12.0,80.0,3.2,74.0,60
2021-07-23_NABITA002.35_2,,Positive,"7,650",Positive,Yes,True,221.4,8.2,102.0,2.2,56.3,40,True,150.8,10.4,100.0,1.5,38.8,40,True,134.6,10.6,69.0,2.0,44.7,40,True,275.0,10.2,99.0,2.8,78.8,60,True,267.9,10.6,97.0,2.8,66.8,60
2021-07-23_NABITA004.21_1,,Positive,"7,650",Positive,Yes,True,176.0,9.6,126.0,1.4,51.9,40,True,144.7,11.7,63.0,2.3,34.1,40,True,124.0,12.9,62.0,2.0,46.7,40,True,248.6,12.3,113.0,2.2,99.4,60,True,244.3,13.0,75.0,3.3,103.3,60
2021-07-23_NABITA004.21_2,,Positive,"7,650",Positive,Yes,True,185.0,7.9,100.0,1.9,48.6,40,True,102.7,10.8,62.0,1.7,29.8,40,True,195.8,10.9,64.0,3.1,44.1,40,True,272.5,11.2,116.0,2.3,72.3,60,True,319.9,11.3,127.0,2.5,70.0,60
2021-07-24_NABITA002.35_1,,Positive,"7,650",Positive,Yes,True,180.3,11.1,128.0,1.4,55.5,40,True,300.6,13.7,148.0,2.0,42.7,40,True,186.0,12.2,118.0,1.6,51.4,40,True,277.4,13.0,127.0,2.2,72.6,60,True,220.8,13.3,124.0,1.8,74.0,60
2021-07-24_NABITA004.21_1,,Positive,"7,650",Positive,Yes,True,236.8,9.7,146.0,1.6,57.8,40,True,119.9,13.5,107.0,1.1,35.3,40,True,83.9,13.9,61.0,1.4,51.5,40,True,266.3,13.6,130.0,2.0,92.3,60,True,387.0,13.6,135.0,2.9,98.0,60
2021-07-25_NABITA002.35_1,,Positive,"7,650",Positive,Yes,True,211.1,10.2,151.0,1.4,64.5,40,True,160.8,14.2,104.0,1.5,43.6,40,True,286.0,14.3,162.0,1.8,48.5,40,True,317.1,12.6,144.0,2.2,85.0,60,True,139.8,14.4,59.0,2.4,67.9,60
2021-07-25_NABITA004.21_1,,Positive,"7,650",Positive,Yes,True,199.4,9.5,136.0,1.5,47.3,40,True,119.4,14.1,82.0,1.5,35.0,40,True,97.4,15.1,60.0,1.6,47.2,40,True,206.2,13.7,86.0,2.4,105.7,60,True,322.0,14.9,160.0,2.0,86.2,60
2021-07-27_NABITA002.35_1,,Positive,"7,650",Positive,Yes,True,186.8,12.0,119.0,1.6,56.2,40,True,155.8,11.9,88.0,1.8,35.8,40,True,129.7,15.7,70.0,1.9,48.2,40,True,334.8,13.8,146.0,2.3,83.7,60,True,296.4,13.0,116.0,2.6,71.3,60
2021-07-27_NABITA002.35_2,INSC20001,Negative,0,Negative,Yes,True,115.9,8.8,97.0,1.2,55.1,40,False,11.3,0.0,0.0,0.0,33.3,40,False,33.1,0.0,0.0,0.0,43.4,40,False,55.5,0.0,67.0,0.8,82.4,60,False,24.9,0.0,0.0,0.0,68.2,60
2021-07-27_NABITA002.35_3,INSC20003,Gene N,"24,000",Positive,Yes,True,160.3,9.6,104.0,1.5,51.2,40,True,119.2,15.3,66.0,1.8,31.3,40,True,133.1,16.5,69.0,1.9,37.3,40,False,24.1,0.0,0.0,0.0,77.8,60,False,33.3,0.0,0.0,0.0,52.0,60
2021-07-27_NABITA002.35_4,INSC20006,Negative,0,Negative,Yes,True,126.8,9.2,83.0,1.5,59.0,40,False,14.0,0.0,0.0,0.0,36.4,40,False,26.9,0.0,0.0,0.0,42.2,40,False,26.4,0.0,0.0,0.0,78.5,60,False,21.7,0.0,0.0,0.0,64.4,60
2021-07-27_NABITA002.35_5,INSC20009,Positive,"7,650",Positive,Yes,True,167.8,8.6,105.0,1.6,47.9,40,True,97.3,13.0,87.0,1.1,31.0,40,True,135.6,11.9,79.0,1.7,34.7,40,True,259.3,11.9,93.0,2.8,64.2,60,True,208.1,11.4,93.0,2.2,63.7,60
2021-07-27_NABITA002.35_6,INSC20012,Negative,0,Negative,Yes,True,177.8,9.3,124.0,1.4,48.3,40,False,17.1,0.0,0.0,0.0,31.4,40,False,27.1,0.0,0.0,0.0,40.4,40,False,38.7,0.0,0.0,0.0,71.7,60,False,36.0,0.0,0.0,0.0,51.8,60
2021-07-27_NABITA002.35_7,INSC20015,Positive,"7,650",Positive,Yes,True,188.7,9.9,114.0,1.7,48.3,40,True,147.9,12.6,106.0,1.4,32.9,40,True,150.8,14.1,139.0,1.1,39.7,40,True,247.5,12.1,111.0,2.2,66.2,60,True,239.6,12.9,124.0,1.9,54.6,60
2021-07-27_NABITA002.35_8,INSC20018,Negative,0,Negative,Yes,True,152.2,11.3,123.0,1.2,46.4,40,False,14.2,0.0,0.0,0.0,29.1,40,False,22.4,0.0,0.0,0.0,35.6,40,False,11.5,0.0,0.0,0.0,76.0,60,False,15.6,0.0,0.0,0.0,53.4,60
2021-07-27_NABITA003.37_1,NBSC20112,Positive,"7,650",Positive,Yes,True,66.1,16.2,82.0,0.8,36.3,40,True,46.9,13.9,47.0,1.0,22.0,40,True,51.7,15.3,51.0,1.0,31.4,40,True,145.3,18.8,79.0,1.8,105.6,60,True,72.0,0.0,79.0,0.9,76.4,60
2021-07-27_NABITA003.37_2,INSC20005,Positive,"7,650",Positive,Yes,True,106.6,11.2,80.0,1.3,28.5,40,True,90.5,13.8,63.0,1.4,19.7,40,True,99.2,12.2,62.0,1.6,26.2,40,True,269.4,14.1,138.0,2.0,68.6,60,True,243.6,13.1,125.0,1.9,64.7,60
2021-07-27_NABITA003.37_3,INSC20008,Negative,0,Negative,Yes,True,83.9,11.8,63.0,1.3,24.5,40,False,10.0,0.0,0.0,0.0,19.5,40,False,11.9,0.0,0.0,0.0,25.3,40,False,33.7,0.0,0.0,0.0,55.8,60,False,24.3,0.0,26.0,0.9,59.4,60
2021-07-27_NABITA003.37_4,INSC20011,Gene N,"24,000",Positive,Yes,True,94.3,13.7,74.0,1.3,26.5,40,True,107.1,14.9,74.0,1.4,24.4,40,True,82.9,17.1,50.0,1.7,30.4,40,False,28.0,0.0,0.0,0.0,74.7,60,False,16.1,4.8,17.0,0.9,54.4,60
2021-07-27_NABITA003.37_6,INSC20017,Negative,0,Negative,Yes,True,124.5,9.3,96.0,1.3,33.3,40,False,27.7,5.8,0.0,0.0,24.8,40,False,30.9,4.1,0.0,0.0,28.4,40,False,44.9,0.0,54.0,0.8,70.2,60,False,27.0,0.0,0.0,0.0,59.5,60
2021-07-27_NABITA004.21_1,,Positive,"7,650",Positive,Yes,True,193.5,11.2,161.0,1.2,56.6,40,True,74.0,12.6,52.0,1.4,39.1,40,True,193.0,13.4,134.0,1.4,53.1,40,True,263.2,12.3,134.0,2.0,99.3,60,True,202.4,14.1,113.0,1.8,102.2,60
2021-07-27_NABITA004.21_2,INSC20002,Negative,0,Negative,Yes,True,192.7,9.7,124.0,1.6,45.5,40,False,10.8,0.0,0.0,0.0,29.5,40,False,24.9,0.0,0.0,0.0,41.4,40,False,19.0,0.0,0.0,0.0,69.6,60,False,31.8,0.0,36.0,0.9,78.2,60
2021-07-27_NABITA004.21_3,INSC20004,Gene N,"24,000",Positive,Yes,True,154.3,8.2,93.0,1.7,53.0,40,True,118.9,13.0,73.0,1.6,30.1,40,True,112.7,13.1,58.0,1.9,36.1,40,False,23.6,0.0,0.0,0.0,80.4,60,False,28.1,0.0,0.0,0.0,84.7,60
2021-07-27_NABITA004.21_4,INSC20007,Negative,0,Positive,Yes,True,211.4,8.5,117.0,1.8,51.4,40,False,12.8,0.0,0.0,0.0,30.3,40,False,14.0,0.0,0.0,0.0,39.5,40,False,48.0,0.0,0.0,0.0,87.2,60,True,66.0,0.0,82.0,0.8,82.9,60
2021-07-27_NABITA004.21_5,INSC20010,Positive,"7,650",Positive,Yes,True,182.1,8.3,105.0,1.7,52.3,40,True,144.9,13.1,112.0,1.3,30.8,40,True,206.8,12.2,130.0,1.6,41.0,40,True,347.4,12.4,131.0,2.7,80.5,60,True,383.1,13.4,134.0,2.9,68.6,60
2021-07-27_NABITA004.21_6,INSC20013,Negative,0,Negative,Yes,True,177.9,8.5,103.0,1.7,46.3,40,False,23.8,0.0,0.0,0.0,29.9,40,False,19.1,0.0,0.0,0.0,38.7,40,False,29.7,0.0,0.0,0.0,81.6,60,False,31.1,0.0,0.0,0.0,93.6,60
2021-07-27_NABITA004.21_7,INSC20016,Positive,"7,650",Invalid,Yes,False,70.6,9.5,0.0,0.0,54.8,40,True,91.9,12.2,108.0,0.9,30.7,40,True,122.2,10.9,77.0,1.6,44.7,40,True,270.4,11.8,140.0,1.9,91.4,60,True,340.9,11.5,137.0,2.5,90.6,60
2021-07-27_NABITA004.21_8,INSC20019,Negative,0,Negative,Yes,True,209.4,8.9,111.0,1.9,49.8,40,False,16.4,0.0,0.0,0.0,32.2,40,False,26.4,0.0,0.0,0.0,39.3,40,False,25.0,0.0,0.0,0.0,95.9,60,False,44.8,0.0,0.0,0.0,85.8,60
2021-07-28_NABITA002.35_1,,Positive,"7,650",Positive,Yes,True,166.7,10.8,146.0,1.1,54.6,40,True,108.7,12.5,73.0,1.5,40.6,40,True,164.3,13.6,96.0,1.7,44.1,40,True,355.8,13.3,132.0,2.7,79.1,60,False,23.2,0.0,0.0,0.0,58.8,60
2021-07-28_NABITA002.35_2,INSC20021,Positive,"7,650",Positive,Yes,True,185.6,7.5,117.0,1.6,43.3,40,True,103.5,13.3,65.0,1.6,29.1,40,True,137.7,14.7,65.0,2.1,36.3,40,True,104.8,26.1,33.0,3.2,65.0,60,False,23.3,0.0,0.0,0.0,54.9,60
2021-07-28_NABITA004.21_1,,Positive,"7,650",Positive,Yes,True,145.9,10.5,144.0,1.0,50.1,40,True,63.6,13.2,47.0,1.4,35.6,40,True,109.5,14.1,69.0,1.6,49.0,40,True,126.3,13.7,70.0,1.8,89.0,60,True,244.1,13.5,140.0,1.7,75.9,60
2021-07-28_NABITA004.21_2,INSC20022,Positive,"7,650",Positive,NA,True,377.8,10.6,66.0,5.7,27.7,40,True,109.8,12.6,46.0,2.4,21.0,40,True,136.5,12.9,54.0,2.5,31.0,40,True,151.9,13.4,35.0,4.3,46.2,60,True,308.7,11.6,52.0,5.9,37.7,60
2021-07-29_NABITA002.35_1,,Positive,"7,650",Positive,Yes,True,181.4,11.7,164.0,1.1,50.6,40,True,176.9,15.4,110.0,1.6,32.1,40,True,147.1,15.5,86.0,1.7,47.0,40,True,170.7,22.3,85.0,2.0,62.3,60,True,171.6,21.6,102.0,1.7,59.5,60
2021-07-29_NABITA004.21_1,,Positive,"7,650",Positive,Yes,True,185.7,10.3,160.0,1.2,52.9,40,True,188.5,10.9,108.0,1.7,34.6,40,True,174.2,11.9,155.0,1.1,48.9,40,True,209.9,13.9,145.0,1.4,72.0,60,True,278.1,12.7,149.0,1.9,84.4,60
2021-07-29_NABITA004.21_2,INSC20023,Positive,"7,650",Positive,Yes,True,172.3,10.6,124.0,1.4,42.6,40,True,121.1,11.7,60.0,2.0,30.5,40,True,156.7,13.1,78.0,2.0,39.7,40,True,263.8,12.9,75.0,3.5,85.4,60,True,224.0,12.6,90.0,2.5,83.6,60
2021-07-30_NABITA002.39_1,NBSC20152,Positive,"7,650",Positive,Yes,True,159.7,10.4,111.0,1.4,54.2,40,True,181.0,12.3,104.0,1.7,39.9,40,True,151.0,11.7,73.0,2.1,46.8,40,True,318.3,13.3,142.0,2.2,88.9,60,True,298.1,13.9,121.0,2.5,69.2,60
2021-07-30_NABITA002.39_2,NBSC20154,Negative,0,Negative,Yes,True,138.5,10.3,96.0,1.4,56.5,40,False,18.5,0.0,0.0,0.0,32.1,40,False,14.3,0.0,0.0,0.0,40.7,40,False,26.0,0.0,0.0,0.0,88.4,60,False,20.7,0.0,0.0,0.0,65.3,60
2021-07-30_NABITA002.39_3,NBSC20156,Negative,0,Negative,Yes,True,189.2,9.8,119.0,1.6,48.2,40,False,15.0,0.0,0.0,0.0,32.0,40,False,29.9,0.0,0.0,0.0,43.4,40,False,41.6,0.0,0.0,0.0,79.0,60,False,14.5,0.0,0.0,0.0,59.1,60
2021-07-30_NABITA002.39_4,NBSC20210,Positive,"7,650",Positive,Yes,True,165.9,9.6,129.0,1.3,52.4,40,True,73.5,11.9,53.0,1.4,37.8,40,True,154.8,12.5,118.0,1.3,42.1,40,True,377.1,12.6,136.0,2.8,72.9,60,True,251.1,12.4,104.0,2.4,69.2,60
2021-07-30_NABITA002.39_5,NBSC20218,Positive,"7,650",Positive,Yes,True,192.2,8.5,138.0,1.4,55.2,40,True,77.5,12.8,76.0,1.0,31.1,40,True,147.0,11.5,116.0,1.3,38.7,40,True,284.0,11.5,100.0,2.8,71.6,60,True,213.3,11.1,109.0,2.0,63.8,60
2021-07-30_NABITA004.23_1,NBSC20153,Positive,"7,650",Positive,Yes,True,236.5,10.2,135.0,1.8,51.0,40,True,118.8,11.6,81.0,1.5,35.4,40,True,207.2,13.5,79.0,2.6,48.6,40,True,235.5,15.2,124.0,1.9,89.1,60,True,217.3,14.3,90.0,2.4,88.9,60
2021-07-30_NABITA004.23_2,NBSC20155,Negative,0,Negative,Yes,True,165.2,8.5,103.0,1.6,43.5,40,False,12.0,0.0,0.0,0.0,30.0,40,False,14.7,0.0,0.0,0.0,37.9,40,False,23.2,0.0,0.0,0.0,75.3,60,False,18.9,0.0,0.0,0.0,88.1,60
2021-07-30_NABITA004.23_3,NBSC20200,Negative,0,Negative,Yes,True,173.0,9.1,144.0,1.2,50.1,40,False,13.0,0.0,0.0,0.0,35.5,40,False,14.4,0.0,0.0,0.0,45.0,40,False,44.2,0.0,45.0,1.0,92.4,60,False,21.5,0.0,0.0,0.0,74.6,60
2021-07-30_NABITA004.23_4,NBSC20186,Positive,"7,650",Positive,Yes,True,188.4,8.6,116.0,1.6,46.7,40,True,102.7,12.8,91.0,1.1,32.1,40,True,158.8,12.4,117.0,1.4,43.1,40,True,320.1,13.1,131.0,2.4,85.4,60,True,179.4,12.6,118.0,1.5,87.4,60
2021-07-30_NABITA004.23_5,NBSC20226,Negative,0,Negative,Yes,True,168.9,7.8,94.0,1.8,51.1,40,False,18.0,0.0,0.0,0.0,31.3,40,False,15.8,0.0,0.0,0.0,43.8,40,False,23.1,0.0,0.0,0.0,111.3,60,False,15.4,0.0,18.0,0.9,88.5,60
2021-08-03_NABITA003.37_1,NBSC20221,Negative,0,Invalid,Invalid,False,26.7,0.0,0.0,0.0,15.7,40,False,29.3,0.0,0.0,0.0,19.5,40,False,36.3,0.0,0.0,0.0,20.6,40,False,43.2,0.0,0.0,0.0,24.8,60,False,37.4,0.0,0.0,0.0,21.8,60
2021-08-04_NABITA003.37_1,NBSC20244,Negative,0,Negative,Yes,True,89.6,10.2,91.0,1.0,43.6,40,False,23.4,4.3,0.0,0.0,31.3,40,False,23.5,0.0,0.0,0.0,41.7,40,False,26.2,0.0,0.0,0.0,92.6,60,False,16.6,0.0,0.0,0.0,83.8,60
2021-08-04_NABITA003.37_2,NBSC20222,NA,unknown,Negative,NA,True,142.3,9.6,94.0,1.5,42.9,40,False,18.0,0.0,0.0,0.0,31.1,40,False,10.7,0.0,0.0,0.0,38.4,40,False,40.3,0.0,0.0,0.0,94.6,60,False,28.8,0.0,0.0,0.0,91.6,60
2021-08-04_NABITA003.37_3,NBSC20223,NA,unknown,Positive,NA,True,122.2,9.2,84.0,1.5,39.4,40,False,25.0,4.5,0.0,0.0,27.6,40,False,29.2,4.8,0.0,0.0,38.4,40,True,62.4,0.0,57.0,1.1,92.2,60,False,23.9,0.0,0.0,0.0,91.2,60
2021-08-04_NABITA003.37_4,NBSC20224,NA,unknown,Negative,NA,True,62.6,9.9,70.0,0.9,38.6,40,False,21.4,0.0,0.0,0.0,27.0,40,False,20.2,0.0,0.0,0.0,36.4,40,False,25.0,0.0,0.0,0.0,93.3,60,False,18.5,0.0,0.0,0.0,82.7,60
2021-08-04_NABITA003.37_5,NBSC20225,NA,unknown,Positive,NA,True,152.1,7.9,80.0,1.9,42.9,40,False,25.2,7.5,0.0,0.0,25.4,40,False,21.5,0.0,0.0,0.0,36.4,40,False,51.1,0.0,59.0,0.9,90.6,60,True,74.6,0.0,84.0,0.9,72.3,60
2021-08-04_NABITA003.37_6,NBSC20227,NA,unknown,Negative,NA,True,154.5,8.4,94.0,1.6,40.9,40,False,14.8,0.0,0.0,0.0,25.2,40,False,17.4,0.0,0.0,0.0,36.1,40,False,26.5,0.0,0.0,0.0,93.7,60,False,35.4,0.0,0.0,0.0,98.3,60
2021-08-04_NABITA003.37_7,NBSC20228,NA,unknown,Positive,NA,True,134.6,7.6,84.0,1.6,42.2,40,True,67.3,13.9,55.0,1.2,25.0,40,True,90.6,12.3,71.0,1.3,31.3,40,True,387.1,12.3,130.0,3.0,88.3,60,True,279.1,12.1,123.0,2.3,84.0,60
2021-08-04_NABITA003.37_8,NBSC20229,NA,unknown,Positive,NA,True,149.2,9.1,76.0,2.0,36.0,40,False,13.4,0.0,0.0,0.0,25.0,40,True,123.8,16.6,79.0,1.6,31.8,40,False,26.8,0.0,0.0,0.0,86.8,60,False,29.4,0.0,0.0,0.0,57.8,60
2021-08-05_NABITA003.37_1,NBSC20230,NA,unknown,Positive,NA,True,63.6,11.3,63.0,1.0,47.1,40,True,62.1,22.5,48.0,1.3,29.0,40,False,10.2,0.0,0.0,0.0,40.8,40,False,14.7,0.0,0.0,0.0,101.0,60,False,12.4,0.0,0.0,0.0,78.6,60
2021-08-05_NABITA003.37_2,NBSC20231,NA,unknown,Negative,NA,True,148.0,9.2,93.0,1.6,36.4,40,False,21.0,0.0,0.0,0.0,24.8,40,False,14.6,0.0,0.0,0.0,32.8,40,False,29.7,0.0,0.0,0.0,87.8,60,False,18.4,0.0,0.0,0.0,65.9,60
2021-08-05_NABITA003.37_3,NBSC20232,NA,unknown,Positive,NA,True,156.7,9.4,105.0,1.5,40.5,40,False,19.3,0.0,0.0,0.0,23.6,40,True,111.7,16.3,74.0,1.5,31.0,40,True,326.4,15.7,118.0,2.8,81.9,60,True,358.1,13.8,139.0,2.6,88.2,60
2021-08-05_NABITA003.37_4,NBSC20233,NA,unknown,Negative,NA,True,121.6,9.9,94.0,1.3,35.5,40,False,9.7,0.0,0.0,0.0,23.9,40,False,15.1,0.0,0.0,0.0,32.5,40,False,29.2,0.0,0.0,0.0,76.7,60,False,38.1,0.0,0.0,0.0,66.4,60
2021-08-05_NABITA003.37_5,NBSC20234,NA,unknown,Negative,NA,True,96.2,11.9,79.0,1.2,34.6,40,False,9.8,0.0,0.0,0.0,25.4,40,False,16.3,0.0,0.0,0.0,32.3,40,False,33.7,0.0,0.0,0.0,87.0,60,False,35.5,0.0,42.0,0.8,68.6,60
2021-08-05_NABITA003.37_6,NBSC20235,NA,unknown,Negative,NA,True,118.0,8.8,87.0,1.4,37.6,40,False,18.0,0.0,0.0,0.0,26.1,40,False,20.3,0.0,0.0,0.0,36.9,40,False,48.6,0.0,56.0,0.9,81.1,60,False,28.6,0.0,0.0,0.0,68.6,60
2021-08-05_NABITA003.37_7,NBSC20236,NA,unknown,Positive,NA,True,170.2,9.1,133.0,1.3,34.2,40,False,23.4,0.0,0.0,0.0,24.0,40,False,24.8,0.0,0.0,0.0,33.2,40,True,372.9,15.7,167.0,2.2,82.5,60,False,11.5,0.0,0.0,0.0,58.5,60
2021-08-05_NABITA003.37_8,NBSC20237,NA,unknown,Negative,NA,True,93.9,9.2,105.0,0.9,37.0,40,False,21.6,0.0,0.0,0.0,24.9,40,False,23.6,0.0,0.0,0.0,31.7,40,False,54.3,0.0,60.0,0.9,79.8,60,False,32.0,0.0,0.0,0.0,64.2,60
2021-08-09_NABITA003.37_1,NBSC20238,Negative,0,Negative,Yes,True,179.0,10.4,157.0,1.1,45.5,40,False,28.4,24.5,0.0,0.0,29.7,40,False,11.5,0.0,0.0,0.0,36.2,40,False,29.6,0.0,0.0,0.0,92.6,60,False,30.9,0.0,0.0,0.0,75.9,60
2021-08-12_NABITA003.37_1,INSC20026,Positive,"7,650",Positive,Yes,True,83.1,8.9,81.0,1.0,50.9,40,True,68.8,12.2,68.0,1.0,30.4,40,True,179.7,11.7,120.0,1.5,38.5,40,True,266.0,11.3,130.0,2.0,112.9,60,True,199.3,13.8,97.0,2.1,87.4,60
2021-08-12_NABITA003.37_2,INSC20039,Negative,0,Negative,Yes,True,144.1,8.3,91.0,1.6,45.9,40,False,19.3,0.0,0.0,0.0,24.4,40,False,22.0,0.0,0.0,0.0,32.4,40,False,24.3,0.0,0.0,0.0,93.7,60,False,26.2,0.0,0.0,0.0,77.1,60
2021-08-17_NABITA003.37_1,INSC20024,NA,unknown,Negative,NA,True,109.6,8.7,100.0,1.1,43.6,40,False,23.3,4.5,0.0,0.0,29.6,40,False,10.8,0.0,0.0,0.0,35.1,40,False,28.8,0.0,0.0,0.0,116.0,60,False,36.0,0.0,0.0,0.0,75.9,60
2021-08-17_NABITA003.37_2,INSC20025,NA,unknown,Negative,NA,True,73.8,9.4,67.0,1.1,41.3,40,False,21.3,24.1,25.0,0.9,26.2,40,False,18.6,0.0,0.0,0.0,36.6,40,False,25.1,0.0,0.0,0.0,100.4,60,False,22.0,0.0,0.0,0.0,75.0,60
2021-08-17_NABITA003.37_3,INSC20027,NA,unknown,Positive,NA,True,115.5,8.8,72.0,1.6,39.1,40,False,12.1,0.0,0.0,0.0,24.9,40,True,94.0,17.9,58.0,1.6,32.1,40,False,23.6,0.0,0.0,0.0,87.0,60,False,29.7,0.0,0.0,0.0,85.2,60
2021-08-17_NABITA003.37_4,INSC20028,NA,unknown,Negative,NA,True,124.4,9.6,83.0,1.5,39.0,40,False,9.3,0.0,0.0,0.0,26.8,40,False,12.8,0.0,0.0,0.0,34.0,40,False,47.0,0.0,0.0,0.0,90.9,60,False,40.1,0.0,0.0,0.0,92.6,60
2021-08-17_NABITA003.37_5,INSC20029,NA,unknown,Negative,NA,True,143.3,9.5,107.0,1.3,39.6,40,False,11.2,0.0,0.0,0.0,25.1,40,False,13.6,0.0,0.0,0.0,35.5,40,False,24.8,0.0,0.0,0.0,88.1,60,False,17.4,0.0,0.0,0.0,76.9,60
2021-08-17_NABITA003.37_6,INSC20030,NA,unknown,Positive,NA,True,143.9,10.1,123.0,1.2,32.9,40,True,110.0,12.6,73.0,1.5,20.6,40,True,141.4,12.0,66.0,2.1,29.6,40,True,318.9,12.9,125.0,2.6,89.4,60,True,304.9,14.0,139.0,2.2,64.2,60
2021-08-17_NABITA003.37_7,INSC20031,NA,unknown,Positive,NA,True,139.0,8.9,99.0,1.4,34.3,40,True,68.0,15.6,72.0,0.9,22.6,40,True,126.4,17.2,93.0,1.4,31.0,40,True,344.6,13.6,129.0,2.7,73.4,60,True,277.8,16.3,142.0,2.0,70.1,60
2021-08-17_NABITA003.37_8,INSC20032,NA,unknown,Negative,NA,True,105.5,8.8,76.0,1.4,35.1,40,False,16.2,0.0,0.0,0.0,20.6,40,False,18.2,0.0,0.0,0.0,26.4,40,False,30.7,0.0,0.0,0.0,96.0,60,False,24.1,0.0,0.0,0.0,60.8,60
2021-08-27_NABITA003.37_1,INSC20034,Positive,"7,650",Positive,Yes,True,105.1,10.3,101.0,1.0,38.0,40,True,78.1,13.1,63.0,1.2,22.6,40,True,103.4,18.5,65.0,1.6,29.1,40,True,450.7,15.9,136.0,3.3,85.5,60,False,23.5,0.0,0.0,0.0,63.4,60
2021-08-27_NABITA003.37_2,INSC20035,NA,unknown,Negative,NA,True,127.1,12.9,100.0,1.3,34.7,40,False,16.9,0.0,0.0,0.0,23.8,40,False,17.0,0.0,0.0,0.0,25.3,40,False,20.0,0.0,0.0,0.0,78.2,60,False,20.9,0.0,0.0,0.0,57.9,60
2021-08-31_NABITA001.23_1,NBSC20239,Positive,"7,650",Positive,Yes,True,119.1,11.6,82.0,1.5,45.6,40,True,90.0,15.5,55.0,1.6,30.0,40,True,118.9,14.1,68.0,1.7,34.7,40,True,135.5,14.7,64.0,2.1,64.2,60,True,196.5,15.9,94.0,2.1,50.0,60
2021-09-01_NABITA001.23_1,NBSC20241,Positive,1000,Positive,Yes,True,128.0,11.3,97.0,1.3,44.3,40,True,69.0,16.5,52.0,1.3,25.5,40,True,91.8,15.8,65.0,1.4,32.2,40,True,189.7,21.5,64.0,3.0,60.7,60,False,40.1,5.5,43.0,0.9,53.7,60
2021-09-01_NABITA001.23_2,NBSC20279,Positive,400,Positive,Yes,True,135.1,11.4,91.0,1.5,43.2,40,True,51.0,16.8,60.0,0.9,25.1,40,True,108.6,16.6,94.0,1.2,36.2,40,False,25.9,0.0,0.0,0.0,63.2,60,False,51.5,12.0,0.0,0.0,67.4,60
2021-09-03_NABITA003.37_1,NBSC20258,Positive,1000,Positive,Fail,True,109.4,12.2,91.0,1.2,35.8,40,True,86.2,16.8,88.0,1.0,21.6,40,True,138.4,14.2,82.0,1.7,30.9,40,False,45.7,3.7,46.0,1.0,68.0,60,True,311.9,15.2,94.0,3.3,59.2,60
2021-09-10_NABITA003.37_1,NBSC20242,Positive,1000,Positive,Yes,True,154.3,11.8,107.0,1.4,45.8,40,True,96.0,13.8,59.0,1.6,30.3,40,True,172.8,13.9,120.0,1.4,41.7,40,True,318.0,14.3,112.0,2.8,91.3,60,False,31.5,0.0,0.0,0.0,82.6,60
2021-09-10_NABITA003.37_2,NBSC20243,Positive,1000,Invalid,Yes,False,55.9,13.2,0.0,0.0,38.3,40,True,42.1,18.2,50.0,0.8,26.6,40,True,82.1,17.1,68.0,1.2,37.2,40,False,35.1,0.0,0.0,0.0,89.8,60,True,170.0,19.4,80.0,2.1,73.9,60
2021-09-10_NABITA003.37_3,NBSC20245,Positive,1000,Invalid,Invalid,False,28.3,0.0,0.0,0.0,33.0,40,False,17.5,0.0,0.0,0.0,20.8,40,False,14.9,0.0,0.0,0.0,29.0,40,False,20.7,0.0,0.0,0.0,86.3,60,False,22.9,0.0,0.0,0.0,70.6,60
2021-09-10_NABITA003.37_4,NBSC20246,Positive,1000,Positive,Yes,True,158.7,9.0,113.0,1.4,38.7,40,True,97.6,15.9,61.0,1.6,27.4,40,True,141.6,13.8,78.0,1.8,30.6,40,True,460.3,16.1,165.0,2.8,85.2,60,True,287.9,15.4,120.0,2.4,61.8,60
2021-09-10_NABITA003.37_5,NBSC20247,Positive,1000,Invalid,Yes,False,51.7,12.2,0.0,0.0,43.1,40,True,77.8,14.7,69.0,1.1,31.0,40,True,138.3,14.1,104.0,1.3,41.1,40,True,402.9,15.5,167.0,2.4,100.0,60,False,40.2,0.0,0.0,0.0,78.7,60
2021-09-27_NABITA002.39_1,INSC20040,Positive,"7,650",Negative,Yes,True,171.0,13.1,141.0,1.2,65.4,40,False,7.5,0.0,0.0,0.0,37.4,40,False,9.5,0.0,0.0,0.0,44.3,40,False,11.0,0.0,0.0,0.0,86.6,60,False,10.4,0.0,0.0,0.0,60.7,60
2021-09-27_NABITA004.23_1,INSC20036,Negative,0,Negative,Yes,True,109.7,9.7,86.0,1.3,46.3,40,False,13.7,0.0,0.0,0.0,33.4,40,False,14.6,0.0,0.0,0.0,43.3,40,False,24.2,0.0,0.0,0.0,105.9,60,False,15.0,0.0,0.0,0.0,100.0,60
2021-09-27_NABITA004.23_2,INSC20037,Positive,"7,650",Positive,Yes,True,89.5,12.6,93.0,1.0,67.9,40,True,113.3,14.8,74.0,1.5,37.0,40,True,69.1,12.6,69.0,1.0,52.7,40,True,289.4,16.2,105.0,2.8,109.8,60,True,93.8,14.5,43.0,2.2,108.2,60
2021-10-04_NABITA002.39_1,NBSC20249,Positive,3.9,Positive,No,True,173.7,10.2,133.0,1.3,56.4,40,False,12.5,0.0,0.0,0.0,38.1,40,False,27.4,0.0,0.0,0.0,52.7,40,True,61.0,0.0,71.0,0.9,84.1,60,False,31.4,0.0,0.0,0.0,68.0,60
2021-10-04_NABITA002.39_2,NBSC20252,Positive,15.6,Negative,No,True,157.6,10.3,116.0,1.4,46.8,40,False,11.3,0.0,0.0,0.0,31.3,40,False,10.7,0.0,0.0,0.0,35.7,40,False,18.1,0.0,0.0,0.0,70.6,60,False,8.7,0.0,0.0,0.0,53.2,60
2021-10-04_NABITA002.39_3,NBSC20255,Positive,62.5,Positive,Yes,True,119.7,9.5,96.0,1.2,50.3,40,True,108.0,15.7,95.0,1.1,39.2,40,False,25.4,0.0,0.0,0.0,41.2,40,False,25.3,0.0,0.0,0.0,82.7,60,True,95.8,13.4,54.0,1.8,58.8,60
2021-10-04_NABITA002.39_4,NBSC20198,Positive,250,Positive,Yes,True,159.2,10.0,107.0,1.5,48.6,40,True,158.3,15.2,97.0,1.6,31.6,40,True,147.1,14.7,70.0,2.1,37.5,40,True,192.7,13.4,65.0,3.0,75.1,60,True,203.2,13.9,73.0,2.8,45.2,60
2021-10-04_NABITA002.39_5,NBSC20194,Negative,0,Negative,Yes,True,138.5,9.9,96.0,1.4,46.0,40,False,14.0,0.0,0.0,0.0,28.6,40,False,11.7,0.0,0.0,0.0,33.4,40,False,20.9,0.0,0.0,0.0,67.9,60,False,14.2,0.0,0.0,0.0,52.2,60
2021-10-04_NABITA003.38_1,NBSC20250,Positive,3.9,Positive,Yes,True,128.4,10.1,96.0,1.3,46.4,40,True,57.1,25.0,38.0,1.5,31.0,40,False,12.6,0.0,0.0,0.0,41.0,40,False,12.1,0.0,0.0,0.0,91.6,60,False,23.0,0.0,0.0,0.0,82.6,60
2021-10-04_NABITA003.38_2,NBSC20253,Positive,15.6,Positive,Yes,True,134.4,9.2,95.0,1.4,45.1,40,False,16.4,0.0,0.0,0.0,26.9,40,True,77.1,16.2,66.0,1.2,36.8,40,True,452.3,15.9,161.0,2.8,96.8,60,True,218.3,19.1,83.0,2.6,79.5,60
2021-10-04_NABITA003.38_3,NBSC20256,Positive,62.5,Positive,Yes,True,116.0,10.1,111.0,1.0,42.0,40,True,90.9,15.2,97.0,0.9,23.8,40,True,128.6,15.8,96.0,1.3,35.6,40,False,48.1,0.0,0.0,0.0,121.7,60,True,319.0,17.8,86.0,3.7,74.4,60
2021-10-04_NABITA003.38_4,NBSC20195,Positive,250,Positive,Yes,True,119.3,11.8,124.0,1.0,39.4,40,True,100.4,20.1,106.0,0.9,25.5,40,True,140.4,15.3,96.0,1.5,33.5,40,True,223.9,14.5,106.0,2.1,84.4,60,True,205.0,17.1,100.0,2.0,76.1,60
2021-10-04_NABITA003.38_5,NBSC20196,Negative,0,Negative,Yes,True,102.4,12.5,98.0,1.0,40.8,40,False,8.5,0.0,0.0,0.0,23.0,40,False,16.1,0.0,0.0,0.0,35.6,40,False,40.0,0.0,0.0,0.0,88.3,60,False,25.5,0.0,0.0,0.0,88.8,60
2021-10-04_NABITA004.23_1,NBSC20251,Positive,3.9,Negative,No,True,158.0,11.7,130.0,1.2,64.8,40,False,15.8,0.0,0.0,0.0,38.8,40,False,12.9,0.0,0.0,0.0,48.3,40,False,22.4,0.0,0.0,0.0,121.9,60,False,10.4,0.0,0.0,0.0,133.0,60
2021-10-04_NABITA004.23_2,NBSC20254,Positive,15.6,Negative,No,True,114.7,9.7,80.0,1.4,57.0,40,False,11.6,0.0,0.0,0.0,36.9,40,False,10.9,0.0,0.0,0.0,38.9,40,False,32.0,0.0,0.0,0.0,97.8,60,False,24.8,0.0,0.0,0.0,102.6,60
2021-10-04_NABITA004.23_3,NBSC20257,Positive,62.5,Negative,No,True,104.0,11.4,73.0,1.4,60.7,40,False,14.3,0.0,0.0,0.0,32.6,40,False,23.1,0.0,0.0,0.0,40.3,40,False,15.1,0.0,0.0,0.0,118.0,60,False,7.6,0.0,0.0,0.0,95.5,60
2021-10-04_NABITA004.23_4,NBSC20199,Positive,250,Positive,Yes,True,180.6,9.2,104.0,1.7,58.2,40,True,106.6,12.6,90.0,1.2,31.5,40,True,121.6,14.9,71.0,1.7,35.0,40,True,105.8,13.2,55.0,1.9,98.2,60,True,117.0,13.5,57.0,2.1,90.8,60
2021-10-04_NABITA004.23_5,NBSC20197,Negative,0,Negative,Yes,True,86.4,10.8,94.0,0.9,53.4,40,False,7.8,0.0,0.0,0.0,28.2,40,False,14.0,0.0,0.0,0.0,43.7,40,False,20.0,0.0,0.0,0.0,101.5,60,False,20.9,0.0,0.0,0.0,95.2,60
2021-10-05_NABITA002.39_1,NBSC20176,Positive,3.9,Negative,No,True,195.9,12.6,141.0,1.4,57.3,40,False,19.6,0.0,0.0,0.0,38.6,40,False,10.6,0.0,0.0,0.0,43.2,40,False,31.0,0.0,35.0,0.9,69.6,60,False,34.3,0.0,0.0,0.0,58.1,60
2021-10-05_NABITA002.39_2,NBSC20205,Positive,15.6,Negative,No,True,186.3,9.9,113.0,1.6,51.2,40,False,15.2,0.0,0.0,0.0,32.4,40,False,13.1,0.0,0.0,0.0,39.1,40,False,15.8,0.0,0.0,0.0,70.7,60,False,12.7,0.0,0.0,0.0,48.4,60
2021-10-05_NABITA002.39_3,NBSC20201,Positive,62.5,Positive,Yes,True,204.2,10.5,138.0,1.5,48.5,40,False,14.9,0.0,0.0,0.0,31.4,40,False,14.6,0.0,0.0,0.0,40.4,40,True,286.3,17.5,108.0,2.7,73.7,60,True,200.0,14.0,77.0,2.6,54.3,60
2021-10-05_NABITA002.39_4,NBSC20280,Positive,250,Positive,Yes,True,172.5,10.9,132.0,1.3,46.4,40,True,112.4,12.2,79.0,1.4,31.2,40,True,146.9,15.9,73.0,2.0,35.2,40,True,233.5,14.2,98.0,2.4,69.5,60,True,225.3,13.4,128.0,1.8,58.6,60
2021-10-05_NABITA002.39_5,NBSC20263,Negative,0,Negative,No,True,162.7,10.4,108.0,1.5,47.0,40,False,18.5,0.0,0.0,0.0,28.2,40,False,28.0,3.8,0.0,0.0,36.8,40,False,36.5,0.0,39.0,0.9,70.2,60,False,16.3,0.0,0.0,0.0,41.8,60
2021-10-05_NABITA003.38_1,NBSC20188,Positive,3.9,Negative,No,True,107.5,11.4,95.0,1.1,42.3,40,False,12.8,0.0,0.0,0.0,27.3,40,False,19.2,0.0,0.0,0.0,35.0,40,False,36.2,0.0,0.0,0.0,95.6,60,False,16.0,0.0,0.0,0.0,74.6,60
2021-10-05_NABITA003.38_2,NBSC20206,Positive,15.6,Negative,No,True,145.5,9.8,110.0,1.3,42.5,40,False,21.9,0.0,0.0,0.0,27.4,40,False,10.7,0.0,0.0,0.0,37.3,40,False,31.1,0.0,0.0,0.0,99.0,60,False,35.8,0.0,0.0,0.0,80.9,60
2021-10-05_NABITA003.38_3,NBSC20202,Positive,62.5,Negative,No,True,102.6,10.9,95.0,1.1,41.8,40,False,12.3,0.0,0.0,0.0,23.2,40,False,21.1,0.0,0.0,0.0,39.9,40,False,48.8,0.0,60.0,0.8,107.1,60,False,27.5,0.0,0.0,0.0,87.1,60
2021-10-05_NABITA003.38_4,NBSC20262,Positive,250,Positive,Yes,True,120.0,12.0,81.0,1.5,42.3,40,False,16.9,0.0,0.0,0.0,25.6,40,True,142.2,16.4,86.0,1.7,29.2,40,False,52.0,0.0,0.0,0.0,118.6,60,True,258.1,16.4,97.0,2.7,76.0,60
2021-10-05_NABITA003.38_5,NBSC20264,Negative,0,Negative,No,True,126.1,10.5,91.0,1.4,45.7,40,False,18.7,0.0,0.0,0.0,27.1,40,False,22.6,0.0,0.0,0.0,33.4,40,False,25.4,0.0,0.0,0.0,97.0,60,False,25.2,0.0,0.0,0.0,86.4,60
2021-10-26_NABITA004.23_1,NBSC20266,Positive,"7,650",Positive,Yes,True,148.5,11.5,115.0,1.3,62.6,40,True,99.9,14.9,62.0,1.6,41.5,40,True,175.3,15.9,102.0,1.7,46.4,40,True,179.3,16.9,84.0,2.1,120.0,60,True,126.4,13.8,60.0,2.1,107.1,60
2021-10-26_NABITA004.23_2,NBSC20267,Positive,"7,650",Positive,Yes,True,104.8,10.6,89.0,1.2,62.7,40,True,123.3,13.3,89.0,1.4,31.7,40,True,98.3,14.1,80.0,1.2,47.5,40,True,95.9,15.7,76.0,1.3,101.4,60,True,146.0,14.6,101.0,1.4,96.7,60
2021-10-26_NABITA004.23_3,NBSC20268,Positive,"7,650",Positive,Yes,True,147.8,10.4,102.0,1.4,57.6,40,True,108.8,12.9,76.0,1.4,37.0,40,True,185.4,11.5,88.0,2.1,46.3,40,True,150.4,12.0,101.0,1.5,114.0,60,True,162.7,12.7,73.0,2.2,101.9,60
2021-10-27_NABITA002.39_1,NBSC20269,Positive,62.5,Positive,Yes,True,172.7,13.1,132.0,1.3,62.6,40,False,12.3,0.0,0.0,0.0,38.5,40,True,112.6,16.5,52.0,2.2,54.3,40,False,57.0,0.0,68.0,0.8,114.8,60,False,26.0,0.0,0.0,0.0,76.8,60
2021-10-27_NABITA002.39_2,NBSC20271,Positive,125,Positive,Yes,True,153.9,10.1,111.0,1.4,49.8,40,False,18.4,0.0,0.0,0.0,34.4,40,True,99.8,12.8,61.0,1.6,37.7,40,False,41.9,0.0,0.0,0.0,77.9,60,True,183.1,14.7,141.0,1.3,54.6,60
2021-10-27_NABITA002.39_3,NBSC20273,Positive,250,Positive,Yes,True,176.0,10.3,106.0,1.7,49.8,40,True,145.7,13.1,82.0,1.8,32.4,40,True,131.7,14.1,75.0,1.8,36.4,40,True,187.3,15.2,60.0,3.1,67.0,60,False,13.1,0.0,0.0,0.0,56.9,60
2021-10-27_NABITA002.39_4,NBSC20275,Positive,500,Positive,Yes,True,194.1,11.8,121.0,1.6,56.9,40,True,69.9,16.4,75.0,0.9,31.5,40,True,184.2,13.4,119.0,1.5,40.7,40,True,318.3,20.6,171.0,1.9,87.4,60,True,248.5,14.1,135.0,1.8,59.1,60
2021-10-27_NABITA002.39_5,NBSC20277,Negative,0,Negative,Yes,True,192.5,14.2,144.0,1.3,49.6,40,False,13.8,0.0,0.0,0.0,35.6,40,False,33.1,0.0,0.0,0.0,44.4,40,False,30.3,0.0,0.0,0.0,84.4,60,False,23.8,0.0,0.0,0.0,66.9,60
2021-10-27_NABITA004.23_1,NBSC20270,Positive,62.5,Positive,Yes,True,112.3,11.1,128.0,0.9,70.9,40,False,14.7,0.0,0.0,0.0,35.8,40,True,118.5,18.2,83.0,1.4,43.6,40,False,12.9,0.0,0.0,0.0,98.6,60,False,14.4,0.0,0.0,0.0,85.0,60
2021-10-27_NABITA004.23_2,NBSC20272,Positive,125,Positive,Yes,True,109.7,10.1,93.0,1.2,63.2,40,False,9.3,0.0,0.0,0.0,34.6,40,True,169.6,14.1,120.0,1.4,43.5,40,False,25.6,0.0,0.0,0.0,114.9,60,False,12.4,0.0,0.0,0.0,94.7,60
2021-10-27_NABITA004.23_3,NBSC20274,Positive,250,Positive,Yes,True,117.6,10.1,115.0,1.0,65.1,40,True,94.4,17.1,61.0,1.5,34.0,40,True,116.4,14.7,69.0,1.7,35.7,40,True,128.0,21.4,64.0,2.0,101.9,60,True,125.2,13.7,78.0,1.6,92.5,60
2021-10-27_NABITA004.23_4,NBSC20276,Positive,500,Positive,Yes,True,162.5,11.6,115.0,1.4,54.8,40,True,91.4,14.8,57.0,1.6,33.3,40,True,123.4,13.9,73.0,1.7,38.3,40,True,135.1,14.3,58.0,2.3,105.7,60,True,115.1,13.0,49.0,2.3,117.7,60
2021-10-27_NABITA004.23_5,NBSC20278,Negative,0,Negative,Yes,True,165.1,9.5,111.0,1.5,54.1,40,False,8.3,0.0,0.0,0.0,36.8,40,False,7.4,0.0,0.0,0.0,44.4,40,False,13.3,0.0,0.0,0.0,109.1,60,False,14.0,0.0,0.0,0.0,99.2,60
2021-11-01_NABITA002.39_1,NBSC20248,Positive,"7,650",Positive,Yes,True,186.7,14.4,149.0,1.3,51.3,40,True,157.6,14.5,88.0,1.8,39.4,40,True,134.6,14.9,67.0,2.0,43.5,40,True,218.0,16.9,73.0,3.0,87.5,60,True,234.9,16.5,149.0,1.6,60.5,60
2021-11-05_NABITA002.39_1,INSC20047,Positive,"7,650",Positive,Yes,True,177.8,9.7,132.0,1.3,52.3,40,True,151.6,13.7,113.0,1.3,38.5,40,True,195.5,13.1,94.0,2.1,46.2,40,True,231.3,13.6,81.0,2.9,78.7,60,True,161.0,13.1,59.0,2.7,55.8,60
2021-11-05_NABITA002.39_2,INSC20064,Negative,0,Negative,Yes,True,159.3,8.4,97.0,1.6,53.7,40,False,17.7,0.0,0.0,0.0,31.0,40,False,15.0,0.0,0.0,0.0,43.4,40,False,22.6,0.0,0.0,0.0,84.8,60,False,36.7,0.0,0.0,0.0,76.3,60
2021-11-16_NABITA002.39_1,INSC20041,Positive,3.9,Negative,No,True,171.5,10.5,108.0,1.6,50.9,40,False,22.0,0.0,0.0,0.0,41.9,40,False,19.5,3.0,20.0,1.0,48.0,40,False,15.6,0.0,0.0,0.0,84.4,60,False,47.5,0.0,54.0,0.9,72.3,60
2021-11-16_NABITA002.39_2,INSC20044,Positive,15.6,Negative,No,True,128.0,10.2,89.0,1.4,51.8,40,False,9.3,0.0,0.0,0.0,34.4,40,False,21.1,0.0,0.0,0.0,47.3,40,False,19.0,0.0,0.0,0.0,66.1,60,False,21.7,0.0,0.0,0.0,65.8,60
2021-11-16_NABITA002.39_3,INSC20048,Positive,62.5,Positive,Yes,True,179.4,9.0,107.0,1.7,58.8,40,True,76.9,13.1,59.0,1.3,36.5,40,False,15.5,0.0,0.0,0.0,42.6,40,False,34.3,0.0,0.0,0.0,88.1,60,True,196.9,16.1,73.0,2.7,59.2,60
2021-11-16_NABITA002.39_4,INSC20051,Negative,0,Negative,Yes,True,151.7,8.5,96.0,1.6,48.7,40,False,22.0,0.0,0.0,0.0,33.3,40,False,15.0,0.0,0.0,0.0,38.4,40,False,34.3,0.0,0.0,0.0,76.1,60,False,19.0,0.0,0.0,0.0,57.0,60
2021-11-16_NABITA003.38_1,INSC20042,Positive,3.9,Negative,No,True,98.7,9.2,95.0,1.0,38.5,40,False,17.3,0.0,0.0,0.0,27.0,40,False,19.1,0.0,0.0,0.0,33.5,40,False,20.2,0.0,0.0,0.0,90.2,60,False,20.4,0.0,0.0,0.0,73.2,60
2021-11-16_NABITA003.38_2,INSC20045,Positive,15.6,Positive,Yes,True,119.6,10.6,112.0,1.1,39.6,40,True,75.9,19.7,58.0,1.3,27.1,40,True,106.2,21.5,57.0,1.9,32.5,40,False,33.5,0.0,0.0,0.0,83.7,60,False,17.4,0.0,0.0,0.0,97.7,60
2021-11-16_NABITA003.38_3,INSC20049,Positive,62.5,Positive,Yes,True,131.6,9.7,89.0,1.5,39.0,40,False,15.3,0.0,0.0,0.0,27.8,40,False,15.6,0.0,0.0,0.0,34.8,40,False,42.2,0.0,48.0,0.9,102.9,60,True,356.2,14.8,155.0,2.3,83.1,60
2021-11-16_NABITA003.38_4,INSC20052,Negative,0,Negative,Yes,True,99.1,8.7,77.0,1.3,43.3,40,False,15.5,0.0,0.0,0.0,25.3,40,False,15.9,0.0,0.0,0.0,31.6,40,False,26.0,0.0,0.0,0.0,100.2,60,False,42.2,0.0,0.0,0.0,76.4,60
2021-11-16_NABITA004.23_1,INSC20043,Positive,3.9,Negative,No,True,139.6,11.0,107.0,1.3,65.1,40,False,13.3,0.0,0.0,0.0,37.0,40,False,27.3,0.0,0.0,0.0,49.6,40,False,21.4,0.0,0.0,0.0,119.0,60,False,24.6,0.0,0.0,0.0,85.8,60
2021-11-16_NABITA004.23_2,INSC20046,Positive,15.6,Negative,No,True,158.8,9.5,84.0,1.9,56.9,40,False,11.4,0.0,0.0,0.0,35.4,40,False,26.6,5.2,0.0,0.0,41.2,40,False,14.3,0.0,0.0,0.0,118.5,60,False,15.6,0.0,0.0,0.0,97.3,60
2021-11-16_NABITA004.23_3,INSC20050,Positive,62.5,Positive,Yes,True,179.3,9.3,112.0,1.6,56.1,40,True,127.1,15.9,107.0,1.2,33.6,40,True,144.0,13.4,101.0,1.4,42.1,40,True,119.8,24.2,42.0,2.9,122.1,60,False,11.0,0.0,0.0,0.0,127.8,60
2021-11-16_NABITA004.23_4,INSC20053,Negative,0,Negative,Yes,True,139.0,8.7,71.0,2.0,57.0,40,False,9.5,0.0,0.0,0.0,30.9,40,False,13.9,0.0,0.0,0.0,47.0,40,False,17.0,0.0,0.0,0.0,112.2,60,False,12.9,0.0,0.0,0.0,96.5,60
2021-11-17_NABITA002.39_1,INSC20054,Positive,3.9,Negative,No,True,147.7,11.3,118.0,1.3,55.9,40,False,18.6,0.0,0.0,0.0,42.9,40,False,12.0,0.0,0.0,0.0,45.4,40,False,13.3,0.0,0.0,0.0,84.2,60,False,43.6,0.0,0.0,0.0,66.0,60
2021-11-17_NABITA002.39_2,INSC20057,Positive,15.6,Negative,No,True,206.6,10.3,97.0,2.1,56.0,40,False,14.6,0.0,0.0,0.0,34.1,40,False,37.8,0.0,0.0,0.0,44.5,40,False,35.2,0.0,0.0,0.0,84.5,60,False,40.0,0.0,0.0,0.0,69.8,60
2021-11-17_NABITA002.39_3,INSC20060,Positive,62.5,Positive,Yes,True,200.9,9.3,115.0,1.7,57.3,40,True,114.5,13.6,103.0,1.1,34.4,40,False,38.3,0.0,0.0,0.0,41.0,40,True,376.9,14.9,130.0,2.9,78.6,60,False,40.1,0.0,0.0,0.0,66.1,60
2021-11-17_NABITA002.39_4,INSC20063,Negative,0,Negative,Yes,True,122.8,8.2,68.0,1.8,40.1,40,False,20.5,7.1,0.0,0.0,31.5,40,False,22.2,7.4,0.0,0.0,36.6,40,False,44.0,0.0,0.0,0.0,75.4,60,False,26.9,0.0,0.0,0.0,68.7,60
2021-11-17_NABITA003.38_1,INSC20055,Positive,3.9,Positive,Yes,True,134.2,8.5,82.0,1.6,39.0,40,False,8.6,0.0,0.0,0.0,24.8,40,False,9.2,0.0,0.0,0.0,34.5,40,True,192.3,14.4,106.0,1.8,104.8,60,False,35.1,0.0,0.0,0.0,78.5,60
2021-11-17_NABITA003.38_2,INSC20058,Positive,15.6,Negative,No,True,144.4,8.8,142.0,1.0,38.6,40,False,23.4,0.0,0.0,0.0,27.3,40,False,12.3,0.0,0.0,0.0,34.4,40,False,29.5,0.0,0.0,0.0,93.1,60,False,19.2,0.0,0.0,0.0,68.0,60
2021-11-17_NABITA003.38_3,INSC20061,Positive,62.5,Positive,Yes,True,82.9,10.6,75.0,1.1,45.2,40,True,75.6,16.5,84.0,0.9,29.1,40,True,125.3,13.5,84.0,1.5,38.0,40,False,60.4,0.0,0.0,0.0,103.2,60,False,25.4,0.0,0.0,0.0,86.4,60
2021-11-17_NABITA003.38_4,INSC20065,Negative,0,Invalid,Yes,False,59.8,11.1,0.0,0.0,40.9,40,False,19.8,0.0,0.0,0.0,26.7,40,False,11.6,0.0,0.0,0.0,26.9,40,False,42.6,0.0,0.0,0.0,107.4,60,False,26.6,0.0,0.0,0.0,78.5,60
2021-11-17_NABITA004.23_1,INSC20056,Positive,3.9,Negative,No,True,162.1,9.3,104.0,1.6,66.4,40,False,8.0,0.0,0.0,0.0,37.9,40,False,6.3,0.0,0.0,0.0,48.7,40,False,21.8,0.0,0.0,0.0,124.5,60,False,17.4,0.0,0.0,0.0,120.1,60
2021-11-17_NABITA004.23_2,INSC20059,Positive,15.6,Positive,Yes,True,132.5,9.9,98.0,1.4,58.2,40,False,24.3,0.0,0.0,0.0,32.1,40,True,155.9,14.4,122.0,1.3,42.3,40,False,16.5,0.0,0.0,0.0,122.2,60,False,15.3,0.0,0.0,0.0,94.7,60
2021-11-17_NABITA004.23_3,INSC20062,Positive,62.5,Positive,Yes,True,105.8,8.7,121.0,0.9,65.4,40,False,12.5,0.0,0.0,0.0,38.5,40,True,76.8,16.2,61.0,1.3,45.6,40,False,22.3,0.0,0.0,0.0,111.8,60,False,16.6,0.0,0.0,0.0,108.4,60
2021-11-17_NABITA004.23_4,INSC20066,Negative,0,Negative,Yes,True,149.0,8.9,107.0,1.4,56.0,40,False,16.0,0.0,0.0,0.0,31.8,40,False,15.4,0.0,0.0,0.0,42.4,40,False,11.8,0.0,0.0,0.0,95.2,60,False,16.9,0.0,0.0,0.0,101.1,60
2021-11-22_NABITA003.38_1,INSC20077,Positive,"7,650",Positive,Yes,True,60.4,10.0,60.0,1.0,41.2,40,False,40.6,12.6,0.0,0.0,26.9,40,True,111.7,12.7,101.0,1.1,37.5,40,True,157.4,15.4,96.0,1.6,96.3,60,True,113.0,12.2,68.0,1.7,94.2,60
2021-11-22_NABITA003.38_2,INSC20097,Negative,0,Negative,Yes,True,111.7,8.1,104.0,1.1,38.5,40,False,21.8,0.0,0.0,0.0,26.9,40,False,15.7,0.0,0.0,0.0,32.7,40,False,28.0,0.0,0.0,0.0,87.0,60,False,47.7,0.0,0.0,0.0,75.6,60
2021-11-23_NABITA002.39_1,INSC20071,Positive,1.95,Negative,No,True,177.8,10.6,128.0,1.4,62.4,40,False,9.9,0.0,0.0,0.0,38.8,40,False,26.1,0.0,0.0,0.0,48.1,40,False,41.1,0.0,44.0,0.9,96.7,60,False,20.5,0.0,0.0,0.0,72.2,60
2021-11-23_NABITA002.39_2,INSC20074,Positive,3.9,Negative,No,True,143.8,8.0,106.0,1.4,51.6,40,False,15.3,0.0,0.0,0.0,30.4,40,False,19.1,3.2,0.0,0.0,39.6,40,False,51.8,0.0,64.0,0.8,77.2,60,False,26.3,0.0,0.0,0.0,65.8,60
2021-11-23_NABITA002.39_3,INSC20078,Positive,7.8,Positive,Yes,True,111.2,7.8,87.0,1.3,51.8,40,False,11.7,0.0,0.0,0.0,38.8,40,False,17.3,0.0,0.0,0.0,45.3,40,False,16.4,0.0,0.0,0.0,112.2,60,True,106.9,14.0,59.0,1.8,63.5,60
2021-11-23_NABITA002.39_4,INSC20081,Positive,15.6,Negative,No,True,179.2,9.3,115.0,1.6,46.3,40,False,21.7,0.0,0.0,0.0,37.8,40,False,11.6,0.0,0.0,0.0,38.8,40,False,37.6,0.0,0.0,0.0,94.8,60,False,26.5,0.0,0.0,0.0,61.7,60
2021-11-23_NABITA002.39_5,INSC20084,Positive,31.3,Negative,No,True,150.9,8.5,88.0,1.7,49.6,40,False,19.5,0.0,0.0,0.0,29.5,40,False,12.3,0.0,0.0,0.0,34.6,40,False,19.0,0.0,0.0,0.0,108.2,60,False,10.9,0.0,0.0,0.0,62.0,60
2021-11-23_NABITA002.39_6,INSC20087,Positive,46.9,Negative,No,True,115.6,8.6,84.0,1.4,50.9,40,False,12.0,0.0,0.0,0.0,34.2,40,False,29.3,0.0,0.0,0.0,43.9,40,False,26.6,0.0,0.0,0.0,105.0,60,False,10.0,0.0,0.0,0.0,75.3,60
2021-11-23_NABITA002.39_7,INSC20090,Positive,62.5,Positive,Yes,True,143.2,9.5,94.0,1.5,51.8,40,True,117.7,13.6,65.0,1.8,34.8,40,False,12.7,0.0,0.0,0.0,41.8,40,False,14.3,0.0,0.0,0.0,95.6,60,False,12.9,0.0,0.0,0.0,64.6,60
2021-11-23_NABITA002.39_8,INSC20093,Negative,0,Negative,Yes,True,168.2,7.0,83.0,2.0,51.4,40,False,19.0,0.0,0.0,0.0,33.8,40,False,12.4,0.0,0.0,0.0,38.6,40,False,11.0,0.0,0.0,0.0,103.2,60,False,23.7,0.0,0.0,0.0,71.7,60
2021-11-23_NABITA003.38_1,INSC20072,Positive,1.95,Invalid,Invalid,False,32.1,13.4,0.0,0.0,43.3,40,False,11.0,0.0,0.0,0.0,25.5,40,False,8.7,0.0,0.0,0.0,33.3,40,False,26.7,0.0,0.0,0.0,115.4,60,False,17.4,0.0,0.0,0.0,78.0,60
2021-11-23_NABITA003.38_2,INSC20075,Positive,3.9,Negative,No,True,81.8,8.6,58.0,1.4,42.2,40,False,8.6,0.0,0.0,0.0,25.0,40,False,9.1,0.0,0.0,0.0,34.7,40,False,52.5,0.0,62.0,0.8,129.8,60,False,24.0,0.0,0.0,0.0,80.6,60
2021-11-23_NABITA003.38_3,INSC20079,Positive,7.8,Invalid,No,False,39.1,11.2,46.0,0.9,41.2,40,False,8.9,0.0,0.0,0.0,28.9,40,False,12.9,0.0,0.0,0.0,39.3,40,False,33.6,0.0,0.0,0.0,99.6,60,False,10.7,0.0,0.0,0.0,87.3,60
2021-11-23_NABITA003.38_4,INSC20082,Positive,15.6,Negative,No,True,112.2,10.5,90.0,1.2,37.3,40,False,10.1,0.0,0.0,0.0,26.0,40,False,23.0,0.0,0.0,0.0,33.2,40,False,35.3,0.0,0.0,0.0,83.3,60,False,24.6,0.0,0.0,0.0,63.4,60
2021-11-23_NABITA003.38_5,INSC20085,Positive,31.3,Positive,Yes,True,85.3,10.0,102.0,0.8,40.5,40,False,13.8,0.0,0.0,0.0,22.8,40,True,111.0,17.3,69.0,1.6,31.6,40,False,49.0,0.0,61.0,0.8,82.2,60,False,23.7,0.0,0.0,0.0,64.4,60
2021-11-23_NABITA003.38_6,INSC20088,Positive,46.9,Positive,Yes,True,116.0,11.1,96.0,1.2,37.7,40,True,88.3,14.7,65.0,1.4,25.1,40,False,22.5,0.0,0.0,0.0,30.6,40,False,37.2,0.0,0.0,0.0,99.2,60,False,25.1,0.0,0.0,0.0,82.1,60
2021-11-23_NABITA003.38_7,INSC20091,Positive,62.5,Positive,Yes,True,93.1,9.2,88.0,1.1,39.3,40,True,71.5,16.4,57.0,1.3,25.3,40,True,97.6,17.6,61.0,1.6,32.9,40,False,17.9,0.0,0.0,0.0,97.1,60,True,201.9,15.5,67.0,3.0,90.2,60
2021-11-23_NABITA003.38_8,INSC20094,Negative,0,Negative,Yes,True,140.6,8.2,118.0,1.2,41.1,40,False,10.3,0.0,0.0,0.0,23.7,40,False,13.5,0.0,0.0,0.0,32.0,40,False,25.8,0.0,0.0,0.0,94.9,60,False,25.9,0.0,0.0,0.0,84.1,60
2021-11-23_NABITA003.38_9,INSC20096,Positive,1.95,Negative,No,True,141.7,9.5,97.0,1.5,41.0,40,False,19.0,9.2,0.0,0.0,23.5,40,False,24.7,0.0,0.0,0.0,30.8,40,False,18.9,0.0,0.0,0.0,104.9,60,False,31.2,0.0,0.0,0.0,86.0,60
2021-11-23_NABITA004.23_1,INSC20073,Positive,1.95,Negative,No,True,145.9,13.0,104.0,1.4,55.3,40,False,19.1,0.0,0.0,0.0,38.0,40,False,27.8,0.0,0.0,0.0,42.5,40,False,28.3,0.0,0.0,0.0,99.7,60,False,15.9,0.0,0.0,0.0,116.8,60
2021-11-23_NABITA004.23_2,INSC20076,Positive,3.9,Negative,No,True,100.7,8.8,87.0,1.2,65.9,40,False,20.2,12.5,0.0,0.0,31.6,40,False,20.7,0.0,0.0,0.0,44.0,40,False,20.8,0.0,0.0,0.0,104.5,60,False,16.4,0.0,0.0,0.0,113.1,60
2021-11-23_NABITA004.23_3,INSC20080,Positive,7.8,Negative,No,True,107.8,9.0,78.0,1.4,62.6,40,False,9.7,0.0,0.0,0.0,37.5,40,False,13.0,0.0,0.0,0.0,41.6,40,False,23.3,0.0,0.0,0.0,90.6,60,False,9.6,0.0,0.0,0.0,103.4,60
2021-11-23_NABITA004.23_4,INSC20083,Positive,15.6,Positive,Yes,True,81.1,8.9,75.0,1.1,50.8,40,False,13.5,0.0,0.0,0.0,34.1,40,True,120.3,13.2,70.0,1.7,44.9,40,False,18.5,0.0,0.0,0.0,105.6,60,False,17.8,0.0,0.0,0.0,86.7,60
2021-11-23_NABITA004.23_5,INSC20086,Positive,31.3,Positive,Yes,True,111.7,8.4,88.0,1.3,58.3,40,False,12.8,0.0,0.0,0.0,34.0,40,True,54.0,15.5,51.0,1.1,43.1,40,False,15.3,0.0,0.0,0.0,93.5,60,False,17.3,0.0,0.0,0.0,95.4,60
2021-11-23_NABITA004.23_6,INSC20089,Positive,46.9,Positive,Yes,True,100.0,9.2,90.0,1.1,59.6,40,False,10.5,0.0,0.0,0.0,35.9,40,True,95.0,15.2,75.0,1.3,37.7,40,False,17.6,0.0,0.0,0.0,85.1,60,False,13.7,0.0,0.0,0.0,96.4,60
2021-11-23_NABITA004.23_7,INSC20092,Positive,62.5,Positive,Yes,True,122.3,9.6,96.0,1.3,52.6,40,False,11.6,0.0,0.0,0.0,38.4,40,True,88.2,12.7,68.0,1.3,42.8,40,False,15.1,0.0,0.0,0.0,99.4,60,True,115.1,12.5,52.0,2.2,100.0,60
2021-11-23_NABITA004.23_8,INSC20095,Negative,0,Negative,Yes,True,112.2,8.6,83.0,1.4,56.5,40,False,18.6,0.0,0.0,0.0,33.1,40,False,17.2,0.0,0.0,0.0,40.6,40,False,41.5,0.0,0.0,0.0,86.1,60,False,29.2,0.0,0.0,0.0,83.3,60
2021-11-29_NABITA004.23_1,INSC20107,Positive,"7,650",Positive,Yes,True,107.7,10.4,98.0,1.1,62.5,40,True,90.3,13.0,91.0,1.0,39.3,40,True,123.1,13.5,115.0,1.1,50.4,40,True,147.6,13.4,118.0,1.3,147.9,60,True,137.7,13.7,97.0,1.4,105.2,60
2021-11-29_NABITA004.23_2,INSC20124,Negative,0,Negative,Yes,True,108.4,9.1,77.0,1.4,64.6,40,False,8.1,0.0,0.0,0.0,41.8,40,False,10.9,0.0,0.0,0.0,48.2,40,False,16.1,0.0,0.0,0.0,125.6,60,False,18.0,0.0,0.0,0.0,109.5,60
2021-12-01_NABITA002.39_1,INSC20101,Positive,1.49,Negative,No,True,157.8,11.1,116.0,1.4,55.5,40,False,20.4,0.0,0.0,0.0,33.9,40,False,11.1,0.0,0.0,0.0,44.7,40,False,33.7,0.0,0.0,0.0,100.8,60,False,18.4,0.0,0.0,0.0,66.7,60
2021-12-01_NABITA002.39_2,INSC20104,Positive,2.99,Negative,No,True,154.9,9.2,160.0,1.0,50.1,40,False,10.8,0.0,0.0,0.0,37.3,40,False,17.5,4.2,0.0,0.0,38.4,40,False,42.4,0.0,0.0,0.0,96.2,60,False,23.4,0.0,0.0,0.0,60.6,60
2021-12-01_NABITA002.39_3,INSC20108,Positive,5.98,Positive,Yes,True,134.9,8.0,93.0,1.5,52.3,40,True,79.5,14.9,61.0,1.3,30.6,40,False,11.2,0.0,0.0,0.0,37.8,40,False,23.1,0.0,0.0,0.0,79.8,60,False,24.4,0.0,0.0,0.0,61.1,60
2021-12-01_NABITA002.39_4,INSC20111,Positive,11.95,Positive,Yes,True,162.2,8.6,104.0,1.6,52.4,40,True,103.3,13.4,65.0,1.6,33.5,40,False,11.1,0.0,0.0,0.0,39.7,40,False,32.7,0.0,0.0,0.0,107.8,60,False,18.8,0.0,0.0,0.0,64.2,60
2021-12-01_NABITA002.39_5,INSC20114,Positive,23.9,Positive,Yes,True,152.7,8.2,148.0,1.0,51.5,40,True,69.3,13.1,81.0,0.9,35.4,40,False,27.9,0.0,0.0,0.0,40.0,40,True,141.2,14.9,110.0,1.3,70.6,60,False,12.4,0.0,0.0,0.0,57.1,60
2021-12-01_NABITA002.39_6,INSC20117,Positive,47.8,Negative,No,True,164.5,8.2,154.0,1.1,47.0,40,False,12.0,0.0,0.0,0.0,21.2,40,False,29.6,0.0,0.0,0.0,41.5,40,False,18.1,0.0,0.0,0.0,77.4,60,False,22.9,0.0,0.0,0.0,68.6,60
2021-12-01_NABITA002.39_7,INSC20120,Positive,95.6,Positive,Yes,True,167.8,9.9,124.0,1.4,47.9,40,True,141.1,12.3,120.0,1.2,35.0,40,False,32.9,0.0,0.0,0.0,40.4,40,False,27.2,0.0,0.0,0.0,102.8,60,False,16.2,0.0,0.0,0.0,58.9,60
2021-12-01_NABITA002.39_8,INSC20127,Negative,0,Negative,Yes,True,153.0,8.6,104.0,1.5,51.8,40,False,18.4,0.0,0.0,0.0,32.3,40,False,11.5,0.0,0.0,0.0,42.1,40,False,22.4,0.0,0.0,0.0,92.9,60,False,15.2,0.0,0.0,0.0,60.6,60
2021-12-01_NABITA002.39_9,INSC20128,Positive,47.8,Negative,Yes,True,150.1,8.4,101.0,1.5,49.4,40,False,14.7,0.0,0.0,0.0,30.4,40,False,11.9,0.0,0.0,0.0,32.8,40,False,15.2,0.0,0.0,0.0,87.6,60,False,15.4,0.0,0.0,0.0,58.8,60
2021-12-01_NABITA003.38_1,INSC20102,Positive,1.49,Negative,No,True,110.0,8.7,113.0,1.0,46.2,40,False,12.1,0.0,0.0,0.0,29.5,40,False,12.3,0.0,0.0,0.0,34.5,40,False,18.1,0.0,0.0,0.0,128.5,60,False,16.2,0.0,0.0,0.0,102.6,60
2021-12-01_NABITA003.38_2,INSC20105,Positive,2.99,Positive,Yes,True,118.7,9.6,104.0,1.1,41.6,40,False,18.2,0.0,0.0,0.0,26.1,40,False,12.3,0.0,0.0,0.0,32.1,40,False,44.4,0.0,0.0,0.0,104.0,60,True,252.6,14.0,143.0,1.8,81.3,60
2021-12-01_NABITA003.38_3,INSC20109,Positive,5.98,Negative,No,True,117.8,8.6,114.0,1.0,43.6,40,False,15.6,0.0,0.0,0.0,24.7,40,False,12.6,0.0,0.0,0.0,35.3,40,False,14.5,0.0,0.0,0.0,105.4,60,False,20.3,0.0,0.0,0.0,92.2,60
2021-12-01_NABITA003.38_4,INSC20112,Positive,11.95,Negative,No,True,61.7,9.5,66.0,0.9,42.0,40,False,7.1,0.0,0.0,0.0,27.3,40,False,18.5,0.0,0.0,0.0,36.7,40,False,21.0,0.0,0.0,0.0,96.5,60,False,24.4,0.0,0.0,0.0,73.4,60
2021-12-01_NABITA003.38_5,INSC20115,Positive,23.9,Positive,Yes,True,92.1,9.7,67.0,1.4,39.5,40,False,16.4,0.0,0.0,0.0,24.4,40,True,82.8,15.7,58.0,1.4,31.9,40,False,31.6,0.0,0.0,0.0,81.2,60,False,25.9,0.0,0.0,0.0,71.6,60
2021-12-01_NABITA003.38_6,INSC20118,Positive,47.8,Positive,Yes,True,74.8,11.0,82.0,0.9,38.6,40,True,71.4,14.4,59.0,1.2,24.6,40,True,111.9,14.2,67.0,1.7,29.4,40,False,36.2,0.0,0.0,0.0,88.5,60,True,289.4,14.4,155.0,1.9,77.5,60
2021-12-01_NABITA003.38_7,INSC20121,Positive,95.6,Positive,Yes,True,119.6,9.0,105.0,1.1,40.5,40,True,70.4,15.1,57.0,1.2,22.4,40,True,87.8,18.3,63.0,1.4,31.1,40,True,261.0,13.0,132.0,2.0,113.4,60,True,289.8,15.6,150.0,1.9,71.1,60
2021-12-01_NABITA003.38_8,INSC20125,Negative,0,Negative,Yes,True,127.4,9.3,106.0,1.2,42.5,40,False,8.9,0.0,0.0,0.0,25.5,40,False,18.8,0.0,0.0,0.0,34.2,40,False,23.2,0.0,0.0,0.0,98.7,60,False,21.8,0.0,0.0,0.0,91.2,60
2021-12-01_NABITA004.23_1,INSC20103,Positive,1.49,Negative,No,True,104.8,10.7,119.0,0.9,65.6,40,False,16.6,0.0,0.0,0.0,37.9,40,False,11.5,0.0,0.0,0.0,54.3,40,False,18.2,0.0,0.0,0.0,133.1,60,False,15.1,0.0,0.0,0.0,103.3,60
2021-12-01_NABITA004.23_2,INSC20106,Positive,2.99,Negative,No,True,104.6,9.0,100.0,1.0,58.6,40,False,6.5,0.0,0.0,0.0,35.4,40,False,9.7,0.0,0.0,0.0,48.4,40,False,21.2,0.0,0.0,0.0,109.9,60,False,33.8,0.0,0.0,0.0,82.8,60
2021-12-01_NABITA004.23_3,INSC20110,Positive,5.98,Negative,No,True,150.0,9.5,102.0,1.5,46.2,40,False,10.2,0.0,0.0,0.0,37.3,40,False,18.6,0.0,0.0,0.0,45.0,40,False,24.3,0.0,0.0,0.0,106.8,60,False,22.7,0.0,0.0,0.0,99.2,60
2021-12-01_NABITA004.23_4,INSC20113,Positive,11.95,Negative,No,True,153.4,8.6,101.0,1.5,52.1,40,False,25.1,5.8,0.0,0.0,34.0,40,False,21.2,0.0,0.0,0.0,46.1,40,False,23.5,0.0,0.0,0.0,103.5,60,False,18.4,0.0,0.0,0.0,109.8,60
2021-12-01_NABITA004.23_5,INSC20116,Positive,23.9,Positive,Yes,True,110.8,8.5,132.0,0.8,52.8,40,True,96.0,14.2,96.0,1.0,31.8,40,True,140.4,13.8,96.0,1.5,37.2,40,False,15.3,0.0,0.0,0.0,101.8,60,False,24.1,0.0,0.0,0.0,92.1,60
2021-12-01_NABITA004.23_6,INSC20119,Positive,47.8,Positive,Yes,True,72.0,8.4,60.0,1.2,51.1,40,False,39.3,13.1,36.0,1.1,37.4,40,True,173.8,13.9,129.0,1.3,45.3,40,False,25.7,0.0,0.0,0.0,90.8,60,False,25.0,0.0,0.0,0.0,96.8,60
2021-12-01_NABITA004.23_7,INSC20122,Positive,95.6,Positive,Yes,True,61.9,8.2,66.0,0.9,48.9,40,True,46.6,14.8,44.0,1.1,35.7,40,True,49.1,14.1,46.0,1.1,41.8,40,True,104.7,15.2,84.0,1.2,104.2,60,True,101.3,14.0,81.0,1.3,107.7,60
2021-12-01_NABITA004.23_8,INSC20126,Negative,0,Negative,Yes,True,84.2,8.6,65.0,1.3,59.4,40,False,16.3,0.0,0.0,0.0,33.6,40,False,12.6,0.0,0.0,0.0,44.1,40,False,18.4,0.0,0.0,0.0,105.0,60,False,20.4,0.0,0.0,0.0,96.0,60
2021-12-07_NABITA002.39_1,NBSC20284,Negative,0,Positive,No,True,83.7,12.3,87.0,1.0,52.1,40,False,18.8,0.0,0.0,0.0,39.4,40,False,8.1,0.0,0.0,0.0,41.6,40,True,75.4,4.0,65.0,1.2,83.0,60,False,8.4,0.0,0.0,0.0,59.1,60
2021-12-07_NABITA002.39_2,NBSC20293,Negative,0,Negative,Yes,True,48.3,13.7,51.0,0.9,52.7,40,False,2.7,0.0,0.0,0.0,40.6,40,False,4.4,0.0,0.0,0.0,46.5,40,False,9.5,0.0,0.0,0.0,62.4,60,False,1.2,0.0,0.0,0.0,59.6,60
2021-12-07_NABITA002.39_3,NBSC20281,Negative,0,Negative,Yes,True,66.7,10.5,59.0,1.1,45.5,40,False,7.8,0.0,0.0,0.0,26.0,40,False,8.6,0.0,0.0,0.0,39.0,40,False,6.1,0.0,0.0,0.0,84.2,60,False,4.7,0.0,0.0,0.0,53.9,60
2021-12-07_NABITA004.25_1,INSC20067,Positive,"7,650",Positive,NA,True,150.5,9.6,107.0,1.4,55.1,40,True,119.6,11.6,76.0,1.6,33.4,40,True,155.5,12.1,112.0,1.4,40.5,40,True,156.0,13.3,106.0,1.5,85.4,60,True,175.8,14.5,83.0,2.1,71.1,60
2021-12-07_NABITA004.25_2,INSC20068,Gene N,"24,000",Positive,NA,True,188.0,9.9,123.0,1.5,62.2,40,True,96.2,13.6,66.0,1.5,42.4,40,True,58.3,16.7,56.0,1.0,52.5,40,False,29.1,0.0,0.0,0.0,107.2,60,False,32.4,0.0,0.0,0.0,105.7,60
2021-12-08_NABITA004.25_1,INSC20069,Positive,"7,650",Positive,NA,True,167.4,11.6,119.0,1.4,54.1,40,True,92.9,14.2,53.0,1.8,35.1,40,True,100.9,13.6,80.0,1.3,48.5,40,True,186.1,15.6,122.0,1.5,115.8,60,True,141.1,15.0,59.0,2.4,97.9,60
2021-12-08_NABITA004.25_2,INSC20129,Positive,"7,650",Positive,NA,True,106.4,10.1,78.0,1.4,61.7,40,True,47.8,14.3,33.0,1.4,35.3,40,True,75.5,13.9,41.0,1.8,51.9,40,True,92.3,14.5,39.0,2.4,102.2,60,True,63.5,16.0,46.0,1.4,85.3,60
2021-12-08_NABITA004.25_3,INSC20070,Negative,0,Negative,NA,True,127.4,11.4,101.0,1.3,61.8,40,False,9.0,0.0,0.0,0.0,39.5,40,False,8.6,0.0,0.0,0.0,50.4,40,False,18.1,0.0,0.0,0.0,117.4,60,False,18.4,0.0,0.0,0.0,86.9,60
2021-12-09_NABITA002.40_1,INSC20099,Positive,"7,650",Positive,Yes,True,163.1,11.0,105.0,1.6,51.7,40,True,89.4,13.4,75.0,1.2,37.7,40,True,134.6,11.7,102.0,1.3,37.3,40,True,300.8,13.2,123.0,2.4,101.0,60,True,125.7,12.4,82.0,1.5,46.7,60
2021-12-09_NABITA002.40_2,INSC20100,Gene N,"24,000",Positive,Yes,True,159.8,8.8,98.0,1.6,55.9,40,True,76.6,12.9,61.0,1.3,31.8,40,False,12.6,0.0,0.0,0.0,31.6,40,False,18.2,0.0,0.0,0.0,84.3,60,False,14.4,0.0,0.0,0.0,58.6,60
2021-12-09_NABITA002.40_3,INSC20130,Negative,0,Negative,Yes,True,170.4,9.1,104.0,1.6,45.5,40,False,19.5,0.0,0.0,0.0,33.5,40,False,12.6,0.0,0.0,0.0,34.8,40,False,29.2,0.0,0.0,0.0,63.3,60,False,27.9,0.0,0.0,0.0,66.6,60
2021-12-10_NABITA002.40_1,NBSC20282,Positive,"100,000",Positive,Yes,True,84.4,13.5,73.0,1.2,54.8,40,True,45.9,13.1,49.0,0.9,35.5,40,True,95.9,12.7,82.0,1.2,51.6,40,False,12.0,0.0,0.0,0.0,65.9,60,True,101.9,15.0,66.0,1.5,65.4,60
2021-12-10_NABITA002.40_2,NBSC20283,Positive,"100,000",Positive,Yes,True,80.9,10.3,68.0,1.2,53.4,40,True,40.0,10.9,44.0,0.9,33.1,40,True,192.0,11.0,96.0,2.0,36.6,40,True,202.0,11.7,94.0,2.1,72.4,60,True,81.1,11.8,47.0,1.7,56.0,60
2021-12-13_NABITA003.39_1,NBSC20291,Positive,"7,650",Positive,Yes,True,74.1,11.2,72.0,1.0,45.4,40,True,99.8,13.1,64.0,1.6,25.6,40,True,102.6,12.2,114.0,0.9,38.2,40,True,420.2,14.1,129.0,3.3,88.3,60,True,204.3,13.1,86.0,2.4,79.2,60
2021-12-13_NABITA003.39_2,NBSC20292,Negative,0,Invalid,Invalid,False,30.7,10.1,0.0,0.0,39.6,40,False,5.4,0.0,0.0,0.0,24.5,40,False,6.0,0.0,0.0,0.0,36.5,40,False,7.6,0.0,0.0,0.0,91.8,60,False,14.7,0.0,0.0,0.0,64.8,60
2021-12-13_NABITA003.39_3,NBSC20294,Gene N,"24,000",Invalid,Invalid,False,37.5,11.5,0.0,0.0,36.7,40,True,72.3,12.4,83.0,0.9,23.7,40,True,41.5,13.3,43.0,1.0,33.8,40,False,11.1,0.0,0.0,0.0,97.9,60,False,15.2,0.0,0.0,0.0,62.7,60
2021-12-13_NABITA004.26_1,NBSC20298,Positive,"7,650",Positive,No,True,49.4,16.9,58.0,0.9,51.6,40,True,55.6,20.2,60.0,0.9,36.2,40,False,33.1,17.6,39.0,0.8,42.7,40,False,9.9,0.0,0.0,0.0,62.2,60,False,5.0,0.0,0.0,0.0,67.9,60
2021-12-21_NABITA003.39_1,INSC20153,Negative,0,Positive,NA,True,89.9,12.9,50.0,1.8,35.1,40,False,16.6,0.0,0.0,0.0,19.7,40,False,16.3,0.0,0.0,0.0,35.0,40,True,83.8,0.0,17.0,4.9,66.1,60,True,92.3,14.4,21.0,4.4,18.7,60
2021-12-21_NABITA003.39_2,INSC20154,Negative,0,Negative,Yes,True,122.7,9.5,60.0,2.0,40.4,40,False,8.2,0.0,0.0,0.0,5.0,40,False,19.0,0.0,0.0,0.0,39.5,40,False,56.8,0.0,0.0,0.0,62.7,60,False,45.2,0.0,0.0,0.0,70.0,60
2022-01-10_NABITA004.26_1,INSC20134,Positive,"7,650",Positive,Yes,True,67.4,14.9,58.0,1.2,53.6,40,True,88.4,12.4,70.0,1.3,35.4,40,True,83.5,13.8,71.0,1.2,39.6,40,False,53.0,15.6,42.0,1.3,89.7,60,True,64.9,15.0,44.0,1.5,94.4,60
2022-01-10_NABITA004.26_2,INSC20151,Negative,0,Negative,Yes,True,51.1,13.1,55.0,0.9,51.2,40,False,10.5,0.0,0.0,0.0,37.0,40,False,9.6,0.0,0.0,0.0,46.4,40,False,14.5,0.0,0.0,0.0,85.1,60,False,5.9,0.0,0.0,0.0,79.2,60
2022-01-11_NABITA004.26_1,INSC20131,Positive,"7,650",Positive,NA,True,73.8,12.5,60.0,1.2,54.3,40,True,132.1,12.0,100.0,1.3,34.9,40,True,98.2,12.3,52.0,1.9,44.8,40,False,13.8,9.8,0.0,0.0,15.3,60,True,119.4,14.2,61.0,2.0,101.5,60
2022-01-11_NABITA004.26_2,INSC20132,Positive,"7,650",Positive,NA,True,137.4,9.7,91.0,1.5,52.3,40,False,8.2,0.0,0.0,0.0,21.2,40,True,138.7,13.4,65.0,2.1,42.4,40,True,145.4,12.8,93.0,1.6,99.3,60,True,149.6,13.1,99.0,1.5,101.6,60
2022-01-11_NABITA004.26_3,INSC20133,Negative,0,Invalid,NA,False,-1.0,0.0,0.0,0.0,2.0,40,False,3.2,0.0,0.0,0.0,1.0,40,False,-0.8,0.0,0.0,0.0,1.5,40,False,-1.3,0.0,0.0,0.0,5.2,60,False,-1.6,0.0,0.0,0.0,7.4,60
2022-01-12_NABITA004.26_1,INSC20165,Positive,"7,650",Positive,Yes,True,183.8,11.8,132.0,1.4,65.0,40,True,62.2,13.2,70.0,0.9,38.6,40,True,108.2,12.7,72.0,1.5,53.8,40,True,98.4,14.1,52.0,1.9,105.4,60,True,226.2,19.6,124.0,1.8,97.0,60
2022-01-12_NABITA004.26_2,INSC20187,Negative,0,Negative,Yes,True,145.4,9.8,98.0,1.5,51.1,40,False,12.4,0.0,0.0,0.0,36.2,40,False,15.4,0.0,0.0,0.0,48.4,40,False,16.4,0.0,0.0,0.0,89.7,60,False,20.8,0.0,0.0,0.0,86.6,60
2022-01-13_NABITA004.26_1,INSC20184,Positive,23.9,Negative,No,True,113.5,11.4,99.0,1.1,56.9,40,False,11.6,0.0,0.0,0.0,37.0,40,False,12.9,0.0,0.0,0.0,54.4,40,False,9.4,0.0,0.0,0.0,134.4,60,False,10.4,0.0,0.0,0.0,100.4,60
2022-01-13_NABITA004.26_2,INSC20171,Positive,23.9,Negative,No,True,71.6,9.5,73.0,1.0,68.8,40,False,8.9,0.0,0.0,0.0,42.4,40,False,7.4,0.0,0.0,0.0,54.0,40,False,14.9,0.0,0.0,0.0,126.9,60,False,9.7,0.0,0.0,0.0,115.6,60
2022-01-13_NABITA004.26_3,INSC20181,Positive,23.9,Positive,Yes,True,89.4,8.4,88.0,1.0,51.7,40,False,12.6,0.0,0.0,0.0,36.0,40,True,69.9,16.5,72.0,1.0,45.3,40,False,14.6,0.0,0.0,0.0,102.3,60,False,10.0,0.0,0.0,0.0,82.7,60
2022-01-13_NABITA004.26_4,INSC20157,Positive,50,Negative,No,True,90.5,14.9,74.0,1.2,52.9,40,False,10.9,0.0,0.0,0.0,43.2,40,False,23.5,0.0,0.0,0.0,43.8,40,False,23.3,0.0,0.0,0.0,125.9,60,False,17.0,0.0,0.0,0.0,120.8,60
2022-01-13_NABITA004.26_5,INSC20162,Positive,50,Negative,No,True,162.8,9.9,113.0,1.4,56.8,40,False,11.8,0.0,0.0,0.0,38.0,40,False,25.9,21.9,20.0,1.3,42.4,40,False,10.2,0.0,0.0,0.0,103.8,60,False,13.7,0.0,0.0,0.0,105.4,60
2022-01-13_NABITA004.26_6,INSC20156,Positive,50,Negative,No,True,89.5,8.5,88.0,1.0,58.4,40,False,7.3,0.0,0.0,0.0,33.6,40,False,9.8,0.0,0.0,0.0,39.3,40,False,39.5,0.0,0.0,0.0,83.4,60,False,20.0,0.0,0.0,0.0,86.1,60
2022-01-14_NABITA002.40_1,INSC20136,Positive,"7,650",Positive,Yes,True,85.6,12.9,66.0,1.3,49.2,40,True,49.8,13.1,41.0,1.2,37.3,40,True,86.1,12.3,81.0,1.1,42.3,40,True,117.2,15.5,60.0,2.0,94.7,60,True,76.2,15.5,43.0,1.8,59.1,60
2022-01-14_NABITA002.40_2,INSC20138,Negative,0,Negative,Yes,True,101.0,10.6,84.0,1.2,53.9,40,False,11.5,0.0,0.0,0.0,33.0,40,False,16.9,0.0,0.0,0.0,40.3,40,False,9.8,0.0,0.0,0.0,90.4,60,False,9.7,0.0,0.0,0.0,58.2,60
2022-01-14_NABITA002.40_3,INSC20160,Positive,60,Positive,Yes,True,164.4,10.0,121.0,1.4,50.7,40,True,108.9,14.4,74.0,1.5,41.5,40,True,150.8,12.7,112.0,1.3,43.5,40,True,293.5,14.3,112.0,2.6,81.2,60,True,168.3,14.5,115.0,1.5,78.6,60
2022-01-14_NABITA002.40_4,INSC20169,Positive,60,Positive,Yes,True,171.5,9.2,96.0,1.8,52.3,40,False,12.9,0.0,0.0,0.0,29.3,40,True,109.6,13.1,106.0,1.0,36.3,40,False,22.4,0.0,0.0,0.0,69.3,60,False,12.7,0.0,0.0,0.0,53.4,60
2022-01-14_NABITA002.40_5,INSC20173,Positive,60,Positive,Yes,True,133.4,10.5,87.0,1.5,45.0,40,False,12.6,0.0,0.0,0.0,22.4,40,True,116.3,14.9,64.0,1.8,38.4,40,False,20.2,0.0,0.0,0.0,98.2,60,False,19.0,0.0,0.0,0.0,48.7,60
2022-01-14_NABITA002.40_6,INSC20174,Positive,60,Positive,No,True,169.1,9.9,101.0,1.7,48.8,40,False,15.8,0.0,0.0,0.0,33.3,40,False,27.5,0.0,0.0,0.0,40.2,40,True,75.0,0.0,84.0,0.9,95.3,60,False,23.3,0.0,0.0,0.0,51.6,60
2022-01-14_NABITA002.40_7,INSC20176,Positive,60,Positive,Yes,True,152.7,9.7,101.0,1.5,52.2,40,False,13.4,0.0,0.0,0.0,30.3,40,False,18.6,0.0,0.0,0.0,38.8,40,True,195.1,14.2,59.0,3.3,82.7,60,False,13.1,0.0,0.0,0.0,57.8,60
2022-01-14_NABITA002.40_8,INSC20178,Positive,60,Positive,Yes,True,146.2,9.7,105.0,1.4,48.6,40,False,17.2,0.0,0.0,0.0,38.4,40,True,152.5,13.5,84.0,1.8,38.6,40,False,48.8,0.0,60.0,0.8,74.5,60,False,26.3,0.0,0.0,0.0,59.6,60
2022-01-14_NABITA004.26_1,INSC20158,Positive,60,Positive,Yes,True,57.1,12.9,58.0,1.0,64.7,40,True,44.0,16.9,40.0,1.1,38.8,40,False,9.2,0.0,0.0,0.0,55.0,40,False,14.2,0.0,0.0,0.0,128.7,60,False,10.9,0.0,0.0,0.0,105.2,60
2022-01-14_NABITA004.26_10,INSC20170,Positive,60,Positive,Yes,True,151.9,9.6,96.0,1.6,52.1,40,True,98.6,14.0,70.0,1.4,31.2,40,False,15.6,0.0,0.0,0.0,47.6,40,False,19.2,0.0,0.0,0.0,106.4,60,False,24.0,0.0,0.0,0.0,100.9,60
2022-01-14_NABITA004.26_11,INSC20172,Positive,60,Positive,Yes,True,123.4,10.6,109.0,1.1,59.0,40,False,11.4,0.0,0.0,0.0,35.2,40,False,9.9,0.0,0.0,0.0,46.2,40,True,110.1,12.8,89.0,1.2,99.8,60,False,14.3,0.0,0.0,0.0,91.8,60
2022-01-14_NABITA004.26_12,INSC20175,Positive,60,Positive,Yes,True,101.5,10.7,82.0,1.2,56.9,40,False,12.9,0.0,0.0,0.0,29.5,40,True,122.3,16.5,65.0,1.9,44.1,40,False,18.2,0.0,0.0,0.0,124.0,60,False,12.8,0.0,0.0,0.0,96.1,60
2022-01-14_NABITA004.26_13,INSC20177,Positive,60,Positive,Yes,True,124.0,8.9,86.0,1.4,59.4,40,False,9.3,0.0,0.0,0.0,32.6,40,False,9.3,0.0,0.0,0.0,46.4,40,False,16.7,0.0,0.0,0.0,104.8,60,True,127.3,13.0,78.0,1.6,119.5,60
2022-01-14_NABITA004.26_14,INSC20179,Positive,60,Positive,Yes,True,145.3,10.0,104.0,1.4,52.0,40,True,136.1,14.0,88.0,1.5,34.3,40,False,18.0,0.0,0.0,0.0,45.9,40,False,22.0,0.0,0.0,0.0,102.2,60,False,14.8,0.0,0.0,0.0,99.6,60
2022-01-14_NABITA004.26_2,INSC20159,Positive,60,Positive,Yes,True,160.7,10.2,100.0,1.6,47.9,40,True,43.9,20.0,33.0,1.3,36.8,40,False,9.1,0.0,0.0,0.0,48.2,40,False,13.6,0.0,0.0,0.0,117.6,60,False,14.6,0.0,0.0,0.0,87.1,60
2022-01-14_NABITA004.26_3,INSC20161,Positive,60,Positive,Yes,True,155.4,11.0,111.0,1.4,58.0,40,True,66.0,13.0,53.0,1.2,36.1,40,False,12.7,0.0,0.0,0.0,47.9,40,False,24.6,0.0,0.0,0.0,90.6,60,True,126.5,16.3,53.0,2.4,91.0,60
2022-01-14_NABITA004.26_4,INSC20163,Positive,60,Positive,yes,True,131.2,9.7,86.0,1.5,60.7,40,True,93.3,14.8,71.0,1.3,37.8,40,False,15.9,0.0,0.0,0.0,42.5,40,False,16.5,0.0,0.0,0.0,98.2,60,True,122.8,15.4,75.0,1.6,106.5,60
2022-01-14_NABITA004.26_5,INSC20166,Positive,60,Negative,No,True,156.2,9.6,120.0,1.3,59.5,40,False,10.4,0.0,0.0,0.0,34.4,40,False,13.3,0.0,0.0,0.0,56.0,40,False,15.0,0.0,0.0,0.0,116.0,60,False,18.9,0.0,0.0,0.0,110.2,60
2022-01-14_NABITA004.26_6,INSC20167,Positive,60,Positive,Yes,True,143.7,9.7,120.0,1.2,53.4,40,False,11.6,0.0,0.0,0.0,35.5,40,True,62.3,12.8,62.0,1.0,45.6,40,True,138.8,14.6,69.0,2.0,117.3,60,True,125.8,13.7,64.0,2.0,97.0,60
2022-01-14_NABITA004.26_7,INSC20168,Positive,60,Positive,Yes,True,96.2,9.2,75.0,1.3,60.6,40,False,14.6,0.0,0.0,0.0,31.1,40,True,79.5,13.5,76.0,1.0,44.8,40,False,19.6,0.0,0.0,0.0,122.8,60,False,22.2,0.0,0.0,0.0,97.5,60
2022-01-14_NABITA004.26_8,INSC20155,Positive,60,Positive,Yes,True,162.6,8.4,99.0,1.6,57.0,40,False,17.3,0.0,0.0,0.0,34.4,40,False,14.9,0.0,0.0,0.0,45.2,40,True,112.0,12.8,84.0,1.3,118.1,60,False,23.1,0.0,0.0,0.0,100.7,60
2022-01-14_NABITA004.26_9,INSC20164,Positive,60,Positive,Yes,True,133.5,9.2,95.0,1.4,58.8,40,False,11.8,0.0,0.0,0.0,36.5,40,True,114.7,11.7,90.0,1.3,44.6,40,False,25.7,0.0,0.0,0.0,111.7,60,False,13.0,0.0,0.0,0.0,76.4,60
"
"
